INSERT INTO products (
        id, article, type, name, price, sizes, audiences,
        materials, sample, sample_type, treasures, weight,
        preview_url, description
) VALUES
    (1, 327286, 'earrings', 'Серебряные серьги с фианитами', 1303.0, null, 2, 2, '925', 'Лазерная/Ударная', 32, 1.73, 'https://g7.sunlight.net/r/w400/q85/media/products/d1bcff4dbfa256745a5746617c1413f64c049020.jpg', 'Серьги, вставка: фианитом бесцветным;\nСеребро 925 пробы.'),
    (2, 986744, 'ring', 'Золотое кольцо с бриллиантами', 14990.0, '15.5,16,16.5,17,15,17.5,18,18.5,19,19.5,20', 2, 16, '585', 'Лазерная/Ударная', 2, 1.26, 'https://g0.sunlight.net/r/w400/q85/media/products/bde6a979-166e-11ee-b479-005056bc836d.jpg', 'Кольцо с 1 бриллиантом, 0.01 карат, огранка круг 57 граней, цвет 4, чистота 6, тип огранки А; \n6 бриллиантами, 0.03 карат, огранка круг 57 граней, цвет 4, чистота 6, тип огранки А; \n22 бриллиантами, 0.04 карат, огранка круг 17 граней, цвет 2, чистота 2, тип огранки А;\nРозовое золото 585 пробы.'),
    (3, 335152, 'earrings', 'Серебряные серьги с фианитами', 1779.0, null, null, 2, '925', 'Лазерная/Ударная', 32, 2.94, 'https://g4.sunlight.net/r/w400/q85/media/products/0362e85b-717c-11ee-b47c-005056bccafe.jpg', 'Серьги, вставка: корунд синтетический розовый; \n фианитом микс; \n шпинель голубая синтетическая;\nСеребро 925 пробы.'),
    (4, 40105, 'ring', 'Серебряное кольцо с фианитами', 3914.0, '15.5,16,16.5,17.5,17,18,18.5,19,19.5,20,20.5,21,21.5,22', 2, 2, '925', 'Лазерная/Ударная', 32, 8.79, 'https://g7.sunlight.net/r/w400/q85/media/products/53378e7ea5b69708073d7cfa89581c82e7520837.jpg', 'Кольцо, вставка: фианит бесцветный;\nСеребро 925 пробы.'),
    (5, 370421, 'earrings', 'Золотые серьги с фианитами', 21892.0, null, 2, 16, '585', 'Лазерная/Ударная', 32, 2.23, 'https://g7.sunlight.net/r/w400/q85/media/products/797ca6a9-5ec9-11ef-b500-005056bccafe.jpg', 'Серьги, вставка: фианитом бесцветным;\nРозовое золото 585 пробы.'),
    (6, 41283, 'earrings', 'Серебряные серьги с жемчугом и фианитами', 3144.0, null, null, 2, '925', 'Лазерная/Ударная', 40, 5.28, 'https://g0.sunlight.net/r/w400/q85/media/products/f2246a66b8e738c36086e7c53e19ac3a69664c03.jpg', 'Идеальный, круглый жемчуг - вечная классика, которая не выходит из моды.  Украшения с жемчугом  добавляют образу женственности и элегантности.'),
    (7, 66690, 'earrings', 'Серебряные серьги с фианитами', 1005.0, null, 4, 2, '925', 'Лазерная/Ударная', 32, 2.6, 'https://g3.sunlight.net/r/w400/q85/media/products/c887e894e5b0cdf928acf0ddc4fda46c49d7d494.jpg', 'Серьги, вставка: фианитом бесцветным; \n фианит синий;\nСеребро 925 пробы.'),
    (8, 58020, 'ring', 'Золотое кольцо с сапфирами и бриллиантами', 18994.0, '15.5,16,16.5,17,15,17.5,18,18.5,19,19.5,20', 2, 16, '585', 'Лазерная/Ударная', 6, 1.37, 'https://g4.sunlight.net/r/w400/q85/media/products/3a7e822519d3fb4c76c6e7f71048bcccb4506376.jpg', 'Это изысканное кольцо из розового золота 585 пробы восхищает элегантностью. Оно украшено 19 бриллиантами:\n\n• Цвет — 2\n• Чистота — 2\n• Тип огранки — круглая, 17 граней\n• Вес — 0.036 карата\n\nКольцо дополнено 7 сапфирами общим весом 0.185 карата, цветом — 2 и чистотой — 2. Комбинация драгоценных камней и изысканного дизайна делает это кольцо поистине впечатляющим и эксклюзивным аксессуаром.'),
    (9, 108063, 'ring', 'Серебряное кольцо с бриллиантами', 2671.0, '15.5,16,16.5,17.5,17,18,18.5,19,19.5,20', null, 2, '925', 'Лазерная/Ударная', 2, 0.78, 'https://g6.sunlight.net/r/w400/q85/media/products/7dd2438352497cd18ea7f3541bf2b41801404fbd.jpg', 'Кольцо с 5 бриллиантами, 0.01 карат, огранка круг 17 граней, цвет 2, чистота 3, тип огранки Б;\nСеребро 925 пробы.'),
    (10, 83208, 'ring', 'Серебряное кольцо с фианитами', 1779.0, '15,16,16.5,17.5,17,18,18.5,19,19.5,20', 2, 2, '925', 'Лазерная/Ударная', 32, 4.7, 'https://g1.sunlight.net/r/w400/q85/media/products/67d5cd9fc39dcde8ae7444527adabfd7ef224472.jpg', 'Кольцо, вставка: фианит бесцветный;\nСеребро 925 пробы.'),
    (11, 79399, 'earrings', 'Серебряные серьги с фианитами', 1779.0, null, 2, 2, '925', 'Лазерная/Ударная', 32, 4.19, 'https://g9.sunlight.net/r/w400/q85/media/products/e91cea8f972983b8aaa190e109321e0e6fa51273.jpg', 'Серьги, вставка: фианитом бесцветным; \n фианит мистик;\nСеребро 925 пробы.'),
    (12, 306276, 'ring', 'Золотое кольцо с фианитами', 5990.0, '15.5,16,16.5,17,15,17.5,18,18.5,19,19.5,20', 2, 16, '585', 'Лазерная/Ударная', 32, 0.73, 'https://g9.sunlight.net/r/w400/q85/media/products/5043d473efee237c6ee4b7f3f8394447921dd7d3.jpg', 'Костромские ювелирные украшения: традиционный русский стиль -  Коллекция украшений с традиционными русскими дизайнами. Украшения несут в себе ювелирные традиции, любимые многими поколениями российских женщин, которые сохранят свою ценность на многие года.'),
    (13, 100464, 'ring', 'Золотое кольцо с фианитами', 13490.0, '15.5,16,16.5,17,15,17.5,18,18.5,19,19.5,20,20.5,21,21.5,22', 2, 16, '585', 'Лазерная/Ударная', 32, 2.02, 'https://g4.sunlight.net/r/w400/q85/media/products/6517b398ac9b494400f7fc3bfbb04a8c67c61aff.jpg', 'Классические ювелирные украшения. Ювелирные украшения в классическом стиле: вне моды и времени. Отличительные признаки классики: спокойные плавные линии; гармоничные пропорции, симметричность, стандартные геометрические формы. Вы не прогадаете ни с собственным образом, ни с подарком!'),
    (14, 68527, 'necklace', 'Серебряное шейное украшение с фианитами', 886.0, '40–45,37–42', 2, 2, '925', 'Лазерная/Ударная', 32, 1.61, 'https://g0.sunlight.net/r/w400/q85/media/products/662b24e55e95b2c4eb95afdc9d448a873e69296e.jpg', 'Шейное укр., вставка: фианит бесцветный;\nСеребро 925 пробы.'),
    (15, 76813, 'earrings', 'Серебряные серьги с фианитами', 1660.0, null, 2, 2, '925', 'Лазерная/Ударная', 32, 3.06, 'https://g0.sunlight.net/r/w400/q85/media/products/3fc4b3a0e22929d0735d89e99d1d43525e910e1b.jpg', 'Быть в тренде – легко! Самые актуальные Украшения из коллекции SILVER FASHION: одно или сразу несколько – решать только Вам!'),
    (16, 58795, 'ring', 'Золотое кольцо с изумрудами и бриллиантами', 12994.0, '15.5,16,16.5,17,15,17.5,18,18.5,19,19.5,20,20.5,21', 2, 16, '585', 'Лазерная/Ударная', 66, 0.86, 'https://g1.sunlight.net/r/w400/q85/media/products/25984dd54065c300c706041e2bc173d0287e995d.jpg', 'Универсальная классика. Кольцо выполнено из розового золота с дорожкой из бриллиантов и изумрудов. Нежное, утонченное, подойдет не только к деловому костюму, но и дополнит образ любой модницы.'),
    (17, 99282, 'earrings', 'Серебряные серьги с фианитами', 1184.0, null, 2, 2, '925', 'Лазерная/Ударная', 32, 1.71, 'https://g8.sunlight.net/r/w400/q85/media/products/a3cacf5ced5083bfa9acceb975ae1790a55d6de8.jpg', 'Серьги, вставка: фианитом бесцветным;\nСеребро 925 пробы.'),
    (18, 46588, 'ring', 'Золотое кольцо с фианитами', 10990.0, '15.5,16,16.5,17,15,17.5,18,18.5,19,19.5,20,20.5,21', 2, 16, '585', 'Лазерная/Ударная', 32, 1.14, 'https://g0.sunlight.net/r/w400/q85/media/products/ec2d13722168aeeb5fbe01493e77910ba6c8ed52.jpg', 'Сердце считается одним из самых популярных мотивов в современном ювелирном искусстве, который у большинства ассоциируется с любовью и романтизмом. Такой знаковый подарок-украшение с сердечком без лишних слов продемонстрирует силу чувств и привязанности. Это универсальный символ — признание в любви, памятная ценность, которая будет греть и оживлять драгоценные воспоминания.'),
    (19, 66502, 'ring', 'Золотое кольцо с изумрудом и бриллиантами', 14194.0, '15.5,16,16.5,17,15,17.5,18,18.5,19,19.5,20,20.5,21', 2, 16, '585', 'Лазерная/Ударная', 66, 1.31, 'https://g3.sunlight.net/r/w400/q85/media/products/1a2cccf92b698cb57c8de808729a1d6e5b2add82.jpg', 'Кольцо с 1 изумрудом, 0.06 карат, цвет 3, чистота 3, тип огранки В; \n6 бриллиантами, 0.01 карат, огранка круг 17 граней, цвет 2, чистота 2, тип огранки Б;\nРозовое золото 585 пробы.'),
    (20, 98585, 'earrings', 'Серебряные серьги с фианитами', 1779.0, null, 2, 2, '925', 'Лазерная/Ударная', 32, 2.37, 'https://g2.sunlight.net/r/w400/q85/media/products/17fd321ce9a11e6b063eb50c6851e387c31143a6.jpg', 'Серьги, вставка: фианитом бесцветным;\nСеребро 925 пробы.'),
    (21, 51534, 'ring', 'Золотое кольцо с бриллиантом', 11990.0, '15.5,16,16.5,17,15,17.5,18,18.5,19,19.5,20,20.5,21,21.5,22', 2, 24, '585', 'Лазерная/Ударная', 2, 0.76, 'https://g6.sunlight.net/r/w400/q85/media/products/c36bf089d84cfb5e1fdedc354dfbd82f1e65d13f.jpg', 'Невероятная привлекательность украшений из этой коллекции обусловлена использованием в изделиях сверкающего алмазного диска, который позволяет визуально увеличить и эффектно представить бриллианты взору окружающих.'),
    (22, 339984, 'ring', 'Серебряное кольцо с фианитами', 1779.0, '15.5,16,16.5,17.5,17,18,18.5,19,19.5,20,20.5', 2, 2, '925', 'Лазерная/Ударная', 32, 4.54, 'https://g7.sunlight.net/r/w400/q85/media/products/74b022e249937e927511af94eea37f70f5d1e3aa.jpg', 'Кольцо, вставка: фианитом бесцветным;\nСеребро 925 пробы.'),
    (23, 57987, 'earrings', 'Золотые серьги с сапфирами и бриллиантами', 21994.0, null, 2, 16, '585', 'Лазерная/Ударная', 6, 1.75, 'https://g6.sunlight.net/r/w400/q85/media/products/b54d828b5a77efa0ef6842d98bee631b053fdddc.jpg', 'Серьги с 6 сапфирами, 0.16 карат, цвет 2, чистота 2, тип огранки В; \n18 бриллиантами, 0.03 карат, огранка круг 17 граней, цвет 2, чистота 2, тип огранки Б;\nРозовое золото 585 пробы.'),
    (24, 56676, 'ring', 'Золотое кольцо с сапфирами и бриллиантами', 18994.0, '15.5,16,16.5,17,15,17.5,18,18.5,19,19.5,20,20.5', 2, 8, '585', 'Лазерная/Ударная', 6, 1.41, 'https://g1.sunlight.net/r/w400/q85/media/products/5d61a999346ef6d379afc70392a2e0a94668720b.jpg', 'Элегантная классика в новом прочтении. Кольцо выполнено из белого золота с бриллиантами и сапфирами. Визуальный объем кольцу придают легкие, воздушные пересекающиеся линии.'),
    (25, 40104, 'ring', 'Серебряное кольцо с фианитами', 1005.0, '13.5,14,15.5,15,14.5,16,16.5,17,17.5,18,18.5,19,19.5,20,20.5,21', 2, 2, '925', 'Лазерная/Ударная', 32, 2.6, 'https://g1.sunlight.net/r/w400/q85/media/products/94baa543e215c0696de19a997ef885d5488b94e0.jpg', 'Быть в тренде – легко! Самые актуальные Украшения из коллекции SILVER FASHION: одно или сразу несколько – решать только Вам!'),
    (26, 58796, 'earrings', 'Золотые серьги с изумрудами и бриллиантами', 18994.0, null, 2, 16, '585', 'Лазерная/Ударная', 66, 1.31, 'https://g3.sunlight.net/r/w400/q85/media/products/ce681c1e4bca991a56dd21aa46a3c19360e9d65e.jpg', 'Универсальная классика. Серьги выполнены из розового золота с дорожкой из бриллиантов и изумрудов. Нежные, утонченные, подойдут не только к деловому костюму, но и дополнят образ любой модницы.'),
    (27, 41371, 'ring', 'Серебряное кольцо с фианитами и жемчугом', 1674.0, '15.5,16,16.5,17,15,17.5,18,18.5,19,19.5,20', null, 2, '925', 'Лазерная/Ударная', 40, 4.36, 'https://g7.sunlight.net/r/w400/q85/media/products/088354f9819328264befda60bbe7447141d514fa.jpg', 'Идеальный, круглый жемчуг - вечная классика, которая не выходит из моды.  Украшения с жемчугом  добавляют образу женственности и элегантности.'),
    (28, 47720, 'ring', 'Золотое кольцо c бриллиантом', 15994.0, '15.5,16,16.5,17,15,17.5,18,18.5,19,19.5,20,20.5,21,21.5,22', 2, 16, '585', 'Лазерная/Ударная', 2, 1.04, 'https://g5.sunlight.net/r/w400/q85/media/products/523804100f5fb51220073b62b044ae0ca3333955.jpg', 'Это изысканное кольцо «Бриллианты Якутии» воплощает элегантность и престиж. Оно украшено великолепным бриллиантом 0.059 карат. Огранка круга с 57 гранями придает ему непревзойденную блеск и сияние. Это кольцо — настоящая находка для ценителей роскоши и красоты. Детали: \n\n• Цвет — 3\n• Чистота — 6\n• Тип огранки — А'),
    (29, 251657, 'earrings', 'Золотые серьги с фианитами', 10490.0, null, 2, 16, '585', 'Лазерная/Ударная', 32, 1.39, 'https://g6.sunlight.net/r/w400/q85/media/products/6599b544b31a36e44383afdb167cf0e464f5c7ab.jpg', 'Классические ювелирные украшения. Ювелирные украшения в классическом стиле: вне моды и времени. Отличительные признаки классики: спокойные плавные линии; гармоничные пропорции, симметричность, стандартные геометрические формы. Вы не прогадаете ни с собственным образом, ни с подарком!'),
    (30, 21522, 'ring', 'Серебряное кольцо с фианитами', 1490.0, '16,16.5,18,17,17.5,18.5,19,19.5,20,20.5', 2, 2, '925', 'Лазерная/Ударная', 32, 1.88, 'https://g8.sunlight.net/r/w400/q85/media/products/8a187b201f24e83fc3e8c37f7de335e0044216d5.jpg', 'Кольцо, вставка: фианит;\nСеребро 925 пробы.'),
    (31, 48270, 'earrings', 'Золотые серьги c бриллиантами', 24994.0, null, 2, 8, '585', 'Лазерная/Ударная', 2, 1.41, 'https://g8.sunlight.net/r/w400/q85/media/products/84b6befb7d8a77655608ac1cc9a71ef57caef2ea.jpg', 'Серьги с 2 бриллиантами, 0.11 карат, огранка круг 57 граней, цвет 3, чистота 6, тип огранки А;\nБелое золото 585 пробы.'),
    (32, 41849, 'ring', 'Золотое кольцо с фианитами', 8990.0, '15.5,16,16.5,17,15,17.5,18,18.5,19,19.5,20,20.5,21,21.5', 2, 16, '585', 'Лазерная/Ударная', 32, 1.21, 'https://g2.sunlight.net/r/w400/q85/media/products/fd0b534044ee708a162c357aa71431d5b7b052f2.jpg', 'Костромские ювелирные украшения: традиционный русский стиль -  Коллекция украшений с традиционными русскими дизайнами. Украшения несут в себе ювелирные традиции, любимые многими поколениями российских женщин, которые сохранят свою ценность на многие года.'),
    (33, 349587, 'ring', 'Серебряное кольцо с фианитами', 3266.0, '15.5,16,16.5,17,15,17.5,18,18.5,19,19.5', 2, 2, '925', 'Лазерная/Ударная', 32, 7.56, 'https://g4.sunlight.net/r/w400/q85/media/products/d3ba9512-2168-11ee-b479-005056bc836d.jpg', 'Приобретите это изящное серебряное кольцо с фианитами и добавьте блеск и элегантность своему образу. \n\nКольцо изготовлено из серебра 925 пробы. Неповторимый шарм придают вставки из бесцветных и розовых фианитов. Украшение станет прекрасным подарком для особых случаев или просто стильным аксессуаром, который подчеркнет вашу индивидуальность.'),
    (34, 26248, 'ring', 'Серебряное кольцо с фианитами', 990.0, '16,16.5,18,17,17.5,18.5,19,19.5,20', 2, 2, '925', 'Лазерная/Ударная', 32, 1.01, 'https://g9.sunlight.net/r/w400/q85/media/products/eef62c3519f058843d0650728aef89106331be80.jpg', 'Кольцо, вставка: фианит бесцветный;\nСеребро 925 пробы.'),
    (35, 352391, 'ring', 'Золотое кольцо с сапфирами и бриллиантами', 21994.0, '16,16.5,18,17,17.5,18.5,19,19.5,20,20.5', 2, 16, '585', 'Лазерная/Ударная', 6, 1.44, 'https://g2.sunlight.net/r/w400/q85/media/products/041293264cb3a681c34226bd5147aa21f9a3101e.jpg', 'Кольцо с 1 сапфиром, 0.19 карат, цвет 2, чистота 2, тип огранки В; \n12 бриллиантами, 0.05 карат, огранка круг 17 граней, цвет 2, чистота 2, тип огранки А;\nРозовое золото 585 пробы.'),
    (36, 14617, 'ring', 'Серебряное кольцо с фианитами', 1490.0, '15.5,16,16.5,17,15,17.5,18,18.5,19,19.5,20,20.5', 2, 2, '925', 'Лазерная/Ударная', 32, 1.62, 'https://g9.sunlight.net/r/w400/q85/media/products/66d7abb2a4462e5aa01caf8fa6d23ffe081c0b65.jpg', 'Кольцо, вставка: фианит;\nСеребро 925 пробы.'),
    (37, 15448, 'earrings', 'Серебряные серьги с фианитами', 1481.0, null, 2, 2, '925', 'Лазерная/Ударная', 32, 2.82, 'https://g4.sunlight.net/r/w400/q85/media/products/cb21b96da5b308d07dc5f93ca409a73a73196a29.jpg', 'Серьги, вставка: фианитом бесцветным;\nСеребро 925 пробы.'),
    (38, 123748, 'ring', 'Золотое кольцо с фианитами', 13990.0, '15.5,16,16.5,17,15,17.5,18,18.5,19,19.5,20,20.5', 2, 16, '585', 'Лазерная/Ударная', 32, 1.65, 'https://g7.sunlight.net/r/w400/q85/media/products/55e779fc06ce117dd2d93d8a05262db61d409d3f.jpg', 'Кольцо, вставка: фианит;\nРозовое золото 585 пробы.'),
    (39, 66871, 'earrings', 'Золотые серьги с изумрудами и бриллиантами', 21994.0, null, 2, 16, '585', 'Лазерная/Ударная', 66, 1.57, 'https://g7.sunlight.net/r/w400/q85/media/products/0626e7aaca85ddf1c2723ca8c4f6ab46f8e06649.jpg', 'Серьги с 2 изумрудами, 0.13 карат, цвет 3, чистота 3, тип огранки В; \n12 бриллиантами, 0.02 карат, огранка круг 17 граней, цвет 2, чистота 2, тип огранки Б;\nРозовое золото 585 пробы.'),
    (40, 40586, 'ring', 'Серебряное кольцо с фианитами', 1481.0, '16.5,17,18,18.5,17.5,19,19.5', 2, 2, '925', 'Лазерная/Ударная', 32, 2.98, 'https://g4.sunlight.net/r/w400/q85/media/products/276a01db320a17fdc406d70ec5e4e54415c9cc97.jpg', 'Быть в тренде – легко! Самые актуальные Украшения из коллекции SILVER FASHION: одно или сразу несколько – решать только Вам!'),
    (41, 72431, 'earrings', 'Серебряные серьги с фианитами', 1184.0, null, null, 2, '925', 'Лазерная/Ударная', 32, 2.18, 'https://g0.sunlight.net/r/w400/q85/media/products/cd928f4c44fb5e06147a45a6c3dd7d156a7055c1.jpg', 'Быть в тренде – легко! Самые актуальные Украшения из коллекции SILVER FASHION: одно или сразу несколько – решать только Вам!'),
    (42, 108064, 'earrings', 'Серебряные серьги с бриллиантами', 5594.0, null, null, 2, '925', 'Лазерная/Ударная', 2, 1.58, 'https://g2.sunlight.net/r/w400/q85/media/products/078321d7ff219fdd4608af9d178163b7ffc29cbc.jpg', 'Серьги с 10 бриллиантами, 0.02 карат, огранка круг 17 граней, цвет 2, чистота 3, тип огранки Б;\nСеребро 925 пробы.'),
    (43, 101575, 'ring', 'Золотое кольцо с фианитами', 9494.0, '15.5,16,16.5,17,15,17.5,18,18.5,19,19.5,20,20.5,21,21.5', 2, 16, '585', 'Лазерная/Ударная', 32, 1.16, 'https://g8.sunlight.net/r/w400/q85/media/products/56016277944e4641be3612cd6d6fbc9744c3eef0.jpg', 'Костромские ювелирные украшения: традиционный русский стиль -  Коллекция украшений с традиционными русскими дизайнами. Украшения несут в себе ювелирные традиции, любимые многими поколениями российских женщин, которые сохранят свою ценность на многие года.'),
    (44, 339968, 'earrings', 'Серебряные серьги с фианитами', 2794.0, null, 2, 2, '925', 'Лазерная/Ударная', 32, 4.62, 'https://g9.sunlight.net/r/w400/q85/media/products/da9dee837abf5534a0f6b3a58981844efe8e7099.jpg', 'Серьги, вставка: фианитом бесцветным;\nСеребро 925 пробы.'),
    (45, 252127, 'earrings', 'Серебряные серьги с фианитами', 1490.0, null, 2, 2, '925', 'Лазерная/Ударная', 32, 0.95, 'https://g9.sunlight.net/r/w400/q85/media/products/195e72dfe496ffc2dadbb353129928e5a1e9c1c3.jpg', 'Серьги, вставка: фианитом бесцветным;\nСеребро 925 пробы.'),
    (46, 56677, 'earrings', 'Золотые серьги с сапфирами и бриллиантами', 21994.0, null, 2, 8, '585', 'Лазерная/Ударная', 6, 1.71, 'https://g4.sunlight.net/r/w400/q85/media/products/acabb1319350860dcc54af5434722029829c7160.jpg', 'Элегантная классика в новом прочтении. Серьги выполнены из белого золота с бриллиантами и сапфирами. Визуальный объем серьгам придают легкие, воздушные пересекающиеся линии.Занижение штифта у серег способствует наиболее комфортной посадке на мочке уха.'),
    (47, 83348, 'ring', 'Золотое кольцо с фианитами', 15490.0, '15.5,16,16.5,17,15,17.5,18,18.5,19,19.5,20,20.5,21,21.5,22', 2, 16, '585', 'Лазерная/Ударная', 32, 1.89, 'https://g0.sunlight.net/r/w400/q85/media/products/f085a8b7af3661fefd8924fbe3cacf7d0d6f6cb3.jpg', 'Костромские ювелирные украшения: традиционный русский стиль -  Коллекция украшений с традиционными русскими дизайнами. Украшения несут в себе ювелирные традиции, любимые многими поколениями российских женщин, которые сохранят свою ценность на многие года.'),
    (48, 52944, 'earrings', 'Серебряные серьги с фианитами', 1890.0, null, 2, 2, '925', 'Лазерная/Ударная', 32, 0.8, 'https://g1.sunlight.net/r/w400/q85/media/products/a2d4f19057e8af87d60dca99103dadb1506eb4a8.jpg', 'Серьги, вставка: фианит бесцветный;\nСеребро 925 пробы.'),
    (49, 304160, 'necklace', 'Серебряное шейное украшение с фианитами', 2076.0, '40,38', 2, 2, '925', 'Лазерная/Ударная', 32, 1.35, 'https://g9.sunlight.net/r/w400/q85/media/products/9d27083beed142de0bdbd05bbbe242650ab89d13.jpg', 'Шейное укр., вставка: фианитом бесцветным;\nСеребро 925 пробы.'),
    (50, 281207, 'earrings', 'Серебряные серьги с фианитами', 1190.0, null, 2, 2, '925', 'Лазерная/Ударная', 32, 1.17, 'https://g3.sunlight.net/r/w400/q85/media/products/8ac1243d95333d13178333e9ae88bff816569520.jpg', 'Серьги, вставка: фианитом бесцветным;\nСеребро 925 пробы.'),
    (51, 146537, 'ring', 'Золотое кольцо с бриллиантом', 18994.0, '15.5,16,16.5,17,15,17.5,18,18.5,19,19.5,20,20.5', 2, 16, '585', 'Лазерная/Ударная', 2, 0.91, 'https://g7.sunlight.net/r/w400/q85/media/products/5e03ed41ee0e9c5807c4155288d5504d0823a891.jpg', 'Кольцо «БРИЛЛИАНТЫ ЯКУТИИ» с 1 бриллиантом, 0.083 карат, огранка круг 57 граней, цвет 5, чистота 7, тип огранки А;\nРозовое золото 585 пробы.'),
    (52, 158396, 'necklace', 'Серебряное колье с фианитами', 1990.0, '40,45', 2, 2, '925', 'Лазерная/Ударная', 32, 2.64, 'https://g4.sunlight.net/r/w400/q85/media/products/b0301d3e0fe05d26c27feaf1bf85a24711a84a6a.jpg', 'Колье, вставка: фианит;\nСеребро 925 пробы.'),
    (53, 76137, 'ring', 'Серебряное кольцо с фианитами', 2490.0, '15.5,16,16.5,17,15,17.5,18,18.5,19,19.5,20,20.5,21', 2, 2, '925', 'Лазерная/Ударная', 32, 2.98, 'https://g1.sunlight.net/r/w400/q85/media/products/82b37ab2b3e74e05d957297e0310c9c0890c2549.jpg', 'Кольцо, вставка: фианит;\nСеребро 925 пробы.'),
    (54, 105130, 'necklace', 'Серебряное шейное украшение с фианитами', 1990.0, '40–45,42–47,35–40,37–42', 2, 2, '925', 'Лазерная/Ударная', 32, 2.33, 'https://g6.sunlight.net/r/w400/q85/media/products/727512915e929f91d5bc2bc50395be57b2d5e70a.jpg', 'Быть в тренде – легко! Самые актуальные Украшения из коллекции SILVER FASHION: одно или сразу несколько – решать только Вам!'),
    (55, 303466, 'ring', 'Золотое кольцо с фианитами', 7490.0, '15.5,16,16.5,17,15,17.5,18,18.5,19,19.5,20,20.5,21,21.5', 2, 16, '585', 'Лазерная/Ударная', 32, 1.11, 'https://g5.sunlight.net/r/w400/q85/media/products/953405d2fb0086ac839177aec821c045eed25881.jpg', 'Классические ювелирные украшения. Ювелирные украшения в классическом стиле: вне моды и времени. Отличительные признаки классики: спокойные плавные линии; гармоничные пропорции, симметричность, стандартные геометрические формы. Вы не прогадаете ни с собственным образом, ни с подарком!'),
    (56, 339967, 'ring', 'Серебряное кольцо с фианитами', 1954.0, '15.5,16,16.5,17.5,17,18,18.5,19,19.5,20', 2, 2, '925', 'Лазерная/Ударная', 32, 2.33, 'https://g3.sunlight.net/r/w400/q85/media/products/e169782b-c32b-11ed-848e-0050568ccb93.jpg', 'Кольцо, вставка: фианитом бесцветным;\nСеребро 925 пробы.'),
    (57, 108789, 'ring', 'Золотое кольцо с фианитами', 14990.0, '15.5,16,16.5,17,15,17.5,18,18.5,19,19.5,20,20.5,21,21.5,22', 2, 16, '585', 'Лазерная/Ударная', 32, 1.6, 'https://g5.sunlight.net/r/w400/q85/media/products/b58ee5daaabb22a702e7dab7882a03999d932383.jpg', 'Костромские ювелирные украшения: традиционный русский стиль -  Коллекция украшений с традиционными русскими дизайнами. Украшения несут в себе ювелирные традиции, любимые многими поколениями российских женщин, которые сохранят свою ценность на многие года.'),
    (58, 263360, 'earrings', 'Серебряные серьги с фианитами', 767.0, null, 2, 2, '925', 'Лазерная/Ударная', 32, 1.22, 'https://g3.sunlight.net/r/w400/q85/media/products/f5413505d6377ba3d440338c1278f3aeb891f6da.jpg', 'Серьги, вставка: фианитом бесцветным;\nСеребро 925 пробы.'),
    (59, 56754, 'earrings', 'Золотые серьги с фианитами', 9444.0, null, 4, 16, '585', 'Лазерная/Ударная', 32, 1.05, 'https://g5.sunlight.net/r/w400/q85/media/products/a6eef0144019b0b14f1f3ed923f9634eaa3b447c.jpg', 'Серьги, вставка: фианитом микс;\nРозовое золото 585 пробы.'),
    (60, 66388, 'ring', 'Золотое кольцо с фианитами', 11990.0, '15.5,16,16.5,17,15,17.5,18,18.5,19,19.5,20,20.5', 2, 16, '585', 'Лазерная/Ударная', 32, 1.38, 'https://g8.sunlight.net/r/w400/q85/media/products/5468841f85ecc9e18b2acf488d7105fd68237824.jpg', 'Классические ювелирные украшения. Ювелирные украшения в классическом стиле: вне моды и времени. Отличительные признаки классики: спокойные плавные линии; гармоничные пропорции, симметричность, стандартные геометрические формы. Вы не прогадаете ни с собственным образом, ни с подарком!'),
    (61, 41823, 'ring', 'Серебряное кольцо с фианитами', 803.0, '15.5,16,16.5,17,15,17.5,18,18.5,19,19.5,20', null, 2, '925', 'Лазерная/Ударная', 32, 2.66, 'https://g6.sunlight.net/r/w400/q85/media/products/a6e98cda0664ed95f0fc8027a388265014116531.jpg', 'Кольцо, вставка: фианит;\nСеребро 925 пробы.'),
    (62, 349565, 'earrings', 'Серебряные серьги с фианитами', 3564.0, null, 2, 2, '925', 'Лазерная/Ударная', 32, 8.21, 'https://g4.sunlight.net/r/w400/q85/media/products/922a6e89-31fd-11ee-b47a-005056bccafe.jpg', 'Серьги, вставка: фианитом бесцветным; \n фианит жёлтый;\nСеребро 925 пробы.'),
    (63, 49414, 'ring', 'Серебряное кольцо с фианитами', 1790.0, '15.5,16,16.5,17,15,17.5,18,18.5,19,19.5,20,20.5,21', 2, 2, '925', 'Лазерная/Ударная', 32, 1.43, 'https://g5.sunlight.net/r/w400/q85/media/products/086dca846c8a7879e753936adeff2154861e91fb.jpg', 'Кольцо, вставка: фианит;\nСеребро 925 пробы.'),
    (64, 73212, 'earrings', 'Серебряные серьги с фианитами', 1674.0, null, 2, 2, '925', 'Лазерная/Ударная', 32, 3.9, 'https://g6.sunlight.net/r/w400/q85/media/products/b645a7bd85983b019a488d73f596cbe1b00a60cc.jpg', 'Серьги, вставка: фианит жёлтый;\nСеребро 925 пробы.'),
    (65, 84380, 'earrings', 'Серебряные серьги с фианитами', 1990.0, null, 2, 2, '925', 'Лазерная/Ударная', 32, 2.0, 'https://g3.sunlight.net/r/w400/q85/media/products/1d8c4c35ec1dcdf05baaea3e13bd6c06871c047d.jpg', 'Серьги, вставка: фианитом бесцветным;\nСеребро 925 пробы.'),
    (66, 84573, 'ring', 'Серебряное кольцо с фианитами', 1290.0, '13.5,13,15,14,14.5,15.5,16,16.5,17,17.5,18,18.5,19,19.5,20', 2, 2, '925', 'Лазерная/Ударная', 32, 1.72, 'https://g8.sunlight.net/r/w400/q85/media/products/af81bd8fd8d9a928d69ab0c99daf91635e879a19.jpg', 'Быть в тренде – легко! Самые актуальные Украшения из коллекции SILVER FASHION: одно или сразу несколько – решать только Вам!'),
    (67, 51515, 'ring', 'Золотое кольцо с бриллиантами', 18990.0, '15.5,16,16.5,17,15,17.5,18,18.5,19,19.5,20,20.5', 2, 24, '585', 'Лазерная/Ударная', 2, 0.72, 'https://g2.sunlight.net/r/w400/q85/media/products/2c930762536f8993e765d14c13f0e79dfb00f368.jpg', 'Невероятная привлекательность украшений из этой коллекции обусловлена использованием в изделиях сверкающего алмазного диска, который позволяет визуально увеличить и эффектно представить бриллианты взору окружающих.'),
    (68, 109474, 'ring', 'Золотое кольцо с бриллиантами', 6990.0, '15.5,16,16.5,17,15,17.5,18,18.5,19,19.5,20,20.5,21,21.5,22', 2, 8, '585', 'Лазерная/Ударная', 2, 0.42, 'https://g7.sunlight.net/r/w400/q85/media/products/8eb7de3440c5b5fab53f348e4a5cc833635e2fc6.jpg', 'Изысканное кольцо с 21 бриллиантом общим весом 0,049 карата. \n\nКаждый бриллиант с 17 гранями, форма огранки — круглая. Детали:\n\n• Цвет — 2 \n• Чистота — 2\n\nУкрашение изготовлено из белого золота 585 пробы, что придает ему блеск и элегантность. Великолепное кольцо с бриллиантами — идеальный выбор для особых моментов в жизни или в качестве украшения на каждый день.'),
    (69, 48271, 'ring', 'Золотое кольцо c бриллиантом', 15994.0, '15.5,16,16.5,17,15,17.5,18,18.5,19,19.5,20,20.5,21', 2, 8, '585', 'Лазерная/Ударная', 2, 1.07, 'https://g9.sunlight.net/r/w400/q85/media/products/42ab41286843554656437267559d9c0cf8b02afe.jpg', 'Это кольцо «Бриллианты Якутии» — настоящая жемчужина коллекции! Акцент — бриллиант весом 0.06 карата.\n\n• Цвет бриллианта — 3\n• Чистота — 6\n• Тип ограники — Б\n\nИзготовлено из белого золота 585 пробы. Блеск и сияние этого кольца непременно привлекут внимание и подчеркнут вашу индивидуальность. Не упустите возможность добавить в свою ювелирную коллекцию этот великолепный шедевр.'),
    (70, 349588, 'earrings', 'Серебряные серьги с фианитами', 2493.0, null, 2, 2, '925', 'Лазерная/Ударная', 32, 5.22, 'https://g8.sunlight.net/r/w400/q85/media/products/98de8a84-31ca-11ee-b47a-005056bccafe.jpg', 'Серьги, вставка: фианитом бесцветным; \n фианит розовый;\nСеребро 925 пробы.'),
    (71, 44704, 'earrings', 'Золотые серьги с фианитами', 7990.0, null, 2, 16, '585', 'Лазерная/Ударная', 32, 1.27, 'https://g7.sunlight.net/r/w400/q85/media/products/d5b2b9cc8e62e80fd538d1f64bb40431e34e4e20.jpg', 'Классические ювелирные украшения. Ювелирные украшения в классическом стиле: вне моды и времени. Отличительные признаки классики: спокойные плавные линии; гармоничные пропорции, симметричность, стандартные геометрические формы. Вы не прогадаете ни с собственным образом, ни с подарком!'),
    (72, 349566, 'ring', 'Серебряное кольцо с фианитами', 2199.0, '15.5,16,16.5,17.5,17,18,18.5,19,19.5', 2, 2, '925', 'Лазерная/Ударная', 32, 5.71, 'https://g0.sunlight.net/r/w400/q85/media/products/922a6e8c-31fd-11ee-b47a-005056bccafe.jpg', 'Кольцо, вставка: фианитом бесцветным; \n фианит жёлтый;\nСеребро 925 пробы.'),
    (73, 73205, 'bracelet', 'Серебряный браслет с фианитами', 4159.0, '16–19', 2, 2, '925', 'Лазерная/Ударная', 32, 5.7, 'https://g7.sunlight.net/r/w400/q85/media/products/135320e33a11eee97038fec67a910d993a2eccb0.jpg', 'Браслет, вставка: фианитом бесцветным;\nСеребро 925 пробы.'),
    (74, 339983, 'necklace', 'Серебряное шейное украшение с фианитами', 2358.0, '40–45,45–50', 2, 2, '925', 'Лазерная/Ударная', 32, 6.7, 'https://g1.sunlight.net/r/w400/q85/media/products/31b99858-de75-11ed-b479-005056bc836d.jpg', 'Шейное укр., вставка: фианитом бесцветным; \n фианит жёлтый;\nСеребро 925 пробы.'),
    (75, 90986, 'bracelet', 'Серебряный браслет с фианитами', 1779.0, '16–19', 2, 2, '925', 'Лазерная/Ударная', 32, 1.78, 'https://g2.sunlight.net/r/w400/q85/media/products/a0c7c7262cdf44dd57932b4aca3443cb789544b6.jpg', 'Быть в тренде – легко! Самые актуальные Украшения из коллекции SILVER FASHION: одно или сразу несколько – решать только Вам!'),
    (76, 263255, 'earrings', 'Серебряные серьги с фианитами', 1779.0, null, 2, 2, '925', 'Лазерная/Ударная', 32, 3.1, 'https://g2.sunlight.net/r/w400/q85/media/products/2f909245f83c4034da18fb211bd76341167f4aae.jpg', 'Серьги, вставка: фианитом бесцветным;\nСеребро 925 пробы.'),
    (77, 66762, 'necklace', 'Серебряное шейное украшение с фианитами', 1481.0, '40–45,35–40', 2, 2, '925', 'Лазерная/Ударная', 32, 3.33, 'https://g0.sunlight.net/r/w400/q85/media/products/cbb5e7ba3dae70f446f11c1575bbb76c7fbaffd2.jpg', 'Быть в тренде – легко! Самые актуальные Украшения из коллекции SILVER FASHION: одно или сразу несколько – решать только Вам!'),
    (78, 56389, 'ring', 'Золотое кольцо с бриллиантами', 11990.0, '15.5,16,16.5,17,15,17.5,18,18.5,19,19.5,20,20.5,21,21.5', 2, 8, '585', 'Лазерная/Ударная', 2, 0.81, 'https://g9.sunlight.net/r/w400/q85/media/products/d68dd041e1921b8edf52b4e1d1742295a3bc6511.jpg', 'Невероятная привлекательность украшений из этой коллекции обусловлена использованием в изделиях сверкающего алмазного диска, который позволяет визуально увеличить и эффектно представить бриллианты взору окружающих.'),
    (79, 97523, 'earrings', 'Серебряные серьги с фианитами', 1226.0, null, null, 2, '925', 'Лазерная/Ударная', 32, 1.93, 'https://g2.sunlight.net/r/w400/q85/media/products/d6867695c9b14bb54cedee721ceeba5cd882ba53.jpg', 'Быть в тренде – легко! Самые актуальные Украшения из коллекции SILVER FASHION: одно или сразу несколько – решать только Вам!'),
    (80, 332415, 'earrings', 'Серебряные серьги с фианитами', 1133.0, null, 2, 2, '925', 'Лазерная/Ударная', 32, 1.61, 'https://g1.sunlight.net/r/w400/q85/media/products/6b77cc242fceaf8899ff8da2174624947bf1f0cd.jpg', 'Серьги, вставка: фианит жёлтый;\nСеребро 925 пробы.'),
    (81, 285542, 'earrings', 'Серебряные серьги с фианитами', 4456.0, null, 2, 2, '925', 'Лазерная/Ударная', 32, 7.28, 'https://g8.sunlight.net/r/w400/q85/media/products/e6eb506f-7212-11ec-82d4-005056b30bd2.jpg', 'Быть в тренде – легко! Самые актуальные Украшения из коллекции SILVER FASHION: одно или сразу несколько – решать только Вам!'),
    (82, 69748, 'earrings', 'Золотые серьги с фианитами', 4990.0, null, 2, 16, '375', 'Лазерная/Ударная', 32, 0.77, 'https://g8.sunlight.net/r/w400/q85/media/products/d9ef9fdf6440bfc424ad353693841ee3c51d2d2e.jpg', 'Классические ювелирные украшения. Ювелирные украшения в классическом стиле: вне моды и времени. Отличительные признаки классики: спокойные плавные линии; гармоничные пропорции, симметричность, стандартные геометрические формы. Вы не прогадаете ни с собственным образом, ни с подарком!'),
    (83, 62887, 'earrings', 'Золотые серьги с фианитами', 13490.0, null, null, 16, '585', 'Лазерная/Ударная', 32, 2.02, 'https://g1.sunlight.net/r/w400/q85/media/products/8448d2c4b0989cd3255149255f318928074c8ab2.jpg', 'Классические ювелирные украшения. Ювелирные украшения в классическом стиле: вне моды и времени. Отличительные признаки классики: спокойные плавные линии; гармоничные пропорции, симметричность, стандартные геометрические формы. Вы не прогадаете ни с собственным образом, ни с подарком!'),
    (84, 339958, 'earrings', 'Серебряные серьги с фианитами', 2255.0, null, 2, 2, '925', 'Лазерная/Ударная', 32, 5.74, 'https://g2.sunlight.net/r/w400/q85/media/products/2571b38c-de75-11ed-b479-005056bc836d.jpg', 'Серьги, вставка: фианитом бесцветным;\nСеребро 925 пробы.'),
    (85, 76095, 'bracelet', 'Серебряный браслет с фианитами', 1481.0, '16–19,17–20', null, 2, '925', 'Лазерная/Ударная', 32, 1.59, 'https://g3.sunlight.net/r/w400/q85/media/products/31e5f2c0942bf648a8d3622b94c7612dc4177264.jpg', 'Быть в тренде – легко! Самые актуальные Украшения из коллекции SILVER FASHION: одно или сразу несколько – решать только Вам!'),
    (86, 349567, 'necklace', 'Серебряное шейное украшение с фианитами', 2514.0, '40–45,45–50', 2, 2, '925', 'Лазерная/Ударная', 32, 5.98, 'https://g6.sunlight.net/r/w400/q85/media/products/922a6e83-31fd-11ee-b47a-005056bccafe.jpg', 'Шейное укр., вставка: фианитом бесцветным; \n фианит шампань;\nСеребро 925 пробы.'),
    (87, 990124, 'necklace', 'Серебряное шейное украшение с фианитами', 2076.0, '40–45', 2, 2, '925', 'Лазерная/Ударная', 32, 3.11, 'https://g3.sunlight.net/r/w400/q85/media/products/2e4db0b06569913e045a26f6b519a6cbd1087787.jpg', 'Шейное укр., вставка: фианитом бесцветным;\nСеребро 925 пробы.'),
    (88, 352392, 'earrings', 'Золотые серьги с сапфирами и бриллиантами', 27994.0, null, 2, 16, '585', 'Лазерная/Ударная', 6, 2.12, 'https://g4.sunlight.net/r/w400/q85/media/products/160454f237424185889560af540c28525c90a76a.jpg', 'Серьги с 2 сапфирами, 0.37 карат, цвет 2, чистота 2, тип огранки В; \n12 бриллиантами, 0.04 карат, огранка круг 17 граней, цвет 2, чистота 2, тип огранки А;\nРозовое золото 585 пробы.'),
    (89, 88798, 'ring', 'Золотое кольцо с фианитами', 19399.0, '15.5,16,16.5,17,15,17.5,18,18.5,19,19.5,20,20.5,21', null, 16, '585', 'Лазерная/Ударная', 32, 2.51, 'https://g2.sunlight.net/r/w400/q85/media/products/c99325cc509d4d5abfd49450f30cdcc518f679d3.jpg', 'Классические ювелирные украшения. Ювелирные украшения в классическом стиле: вне моды и времени. Отличительные признаки классики: спокойные плавные линии; гармоничные пропорции, симметричность, стандартные геометрические формы. Вы не прогадаете ни с собственным образом, ни с подарком!'),
    (90, 332412, 'ring', 'Серебряное кольцо с фианитами', 1184.0, '15.5,16,16.5,17,15,17.5,18,18.5,19,19.5,20,20.5,21', 2, 2, '925', 'Лазерная/Ударная', 32, 2.39, 'https://g4.sunlight.net/r/w400/q85/media/products/cab520d5b14c553a6fd89b71b937da22331ef07a.jpg', 'Кольцо, вставка: фианитом бесцветным;\nСеребро 925 пробы.'),
    (91, 339956, 'ring', 'Серебряное кольцо с фианитами', 1710.0, '15.5,16,16.5,17,15,17.5,18,18.5,19,19.5,20', 2, 2, '925', 'Лазерная/Ударная', 32, 4.25, 'https://g7.sunlight.net/r/w400/q85/media/products/2571b398-de75-11ed-b479-005056bc836d.jpg', 'Кольцо, вставка: фианитом бесцветным;\nСеребро 925 пробы.'),
    (92, 93458, 'ring', 'Золотое кольцо c бриллиантом', 199990.0, '15.5,16,16.5,17,15,17.5,18,18.5,19,19.5,20.5', 2, 8, '585', 'Лазерная/Ударная', 2, 2.09, 'https://g1.sunlight.net/r/w400/q85/media/products/bbaa9ed2460f4c39cfa040e3432c07f9ba8d35ed.jpg', 'Кольцо с 1 бриллиантом, 0.5 карат, огранка принцесса 65 граней, цвет 4, чистота 6, тип огранки А;\nБелое золото 585 пробы.'),
    (93, 286304, 'necklace', 'Серебряное шейное украшение с фианитами', 3774.0, '40–45,35–40', 2, 2, '925', 'Лазерная/Ударная', 32, 6.95, 'https://g1.sunlight.net/r/w400/q85/media/products/a386732ec35729e604338cb01520f5d743f93d03.jpg', 'Быть в тренде – легко! Самые актуальные Украшения из коллекции SILVER FASHION: одно или сразу несколько – решать только Вам!'),
    (94, 332414, 'necklace', 'Серебряное шейное украшение с фианитами', 1465.0, '40–45,50–55', 2, 2, '925', 'Лазерная/Ударная', 32, 2.92, 'https://g6.sunlight.net/r/w400/q85/media/products/051d0c7d-fd04-11ec-8388-005056b30bd2.jpg', 'Шейное укр., вставка: фианит жёлтый;\nСеребро 925 пробы.'),
    (95, 273936, 'ring', 'Золотое кольцо с фианитами', 5490.0, '16,16.5,18,17,17.5', 2, 16, '375', 'Лазерная/Ударная', 32, 0.71, 'https://g5.sunlight.net/r/w400/q85/media/products/d823bd6e353388297f48c348b560eea306e8d840.jpg', 'Костромские ювелирные украшения: традиционный русский стиль -  Коллекция украшений с традиционными русскими дизайнами. Украшения несут в себе ювелирные традиции, любимые многими поколениями российских женщин, которые сохранят свою ценность на многие года.'),
    (96, 267161, 'ring', 'Серебряное кольцо с фианитами', 890.0, '15.5,16,16.5,17,15,17.5,18,18.5,19,19.5,20', 2, 2, '925', 'Лазерная/Ударная', 32, 1.26, 'https://g1.sunlight.net/r/w400/q85/media/products/754fb4e50d253ce740a2bfb263b1903a9f30a0ed.jpg', 'Кольцо, вставка: фианит;\nСеребро 925 пробы.'),
    (97, 332440, 'earrings', 'Серебряные серьги с фианитами', 1073.0, null, 2, 2, '925', 'Лазерная/Ударная', 32, 1.32, 'https://g9.sunlight.net/r/w400/q85/media/products/d38c66f4-59a9-11ed-8406-0050568ccb93.jpg', 'Серьги, вставка: фианит зеленый;\nСеребро 925 пробы.'),
    (98, 339957, 'necklace', 'Серебряное шейное украшение с фианитами', 1710.0, '40–45', 2, 2, '925', 'Лазерная/Ударная', 32, 4.09, 'https://g5.sunlight.net/r/w400/q85/media/products/2571b391-de75-11ed-b479-005056bc836d.jpg', 'Шейное укр., вставка: фианитом бесцветным;\nСеребро 925 пробы.'),
    (99, 161804, 'ring', 'Золотое кольцо с фианитами', 10990.0, '15.5,16,16.5,17,15,17.5,18,18.5,19,19.5,20,20.5,21,21.5,22', 2, 16, '585', 'Лазерная/Ударная', 32, 1.11, 'https://g5.sunlight.net/r/w400/q85/media/products/be2b9f7c4e8e325008693ae9881815b55f4d58b4.jpg', 'Кольцо, вставка: фианит;\nРозовое золото 585 пробы.'),
    (100, 349575, 'necklace', 'Серебряное шейное украшение с фианитами', 2076.0, '40–45', 2, 2, '925', 'Лазерная/Ударная', 32, 3.69, 'https://g3.sunlight.net/r/w400/q85/media/products/98de8a71-31ca-11ee-b47a-005056bccafe.jpg', 'Шейное укр., вставка: фианитом бесцветным; \n фианит шампань;\nСеребро 925 пробы.'),
    (101, 234085, 'ring', 'Золотое кольцо с бриллиантами', 22990.0, '15.5,16,16.5,17,15,17.5,18,18.5,19,19.5,20,20.5,21,21.5', null, 16, '585', 'Лазерная/Ударная', 2, 1.64, 'https://g4.sunlight.net/r/w400/q85/media/products/b26d642e224405197236e766f26c0effcafa7a17.jpg', 'Кольцо с 42 бриллиантами, 0.12 карат, огранка круг 17 граней, цвет 2, чистота 2, тип огранки Б;\nРозовое золото 585 пробы.'),
    (102, 41841, 'earrings', 'Золотые серьги с фианитами', 8490.0, null, 4, 16, '585', 'Лазерная/Ударная', 32, 0.96, 'https://g8.sunlight.net/r/w400/q85/media/products/3215cfd35e797be9ada15949407a5d7debedb2ea.jpg', 'Серьги, вставка: фианитом бесцветным;\nРозовое золото 585 пробы.'),
    (103, 269521, 'necklace', 'Серебряное шейное украшение с фианитами', 1367.0, '40–45,45–50', 2, 2, '925', 'Лазерная/Ударная', 32, 5.21, 'https://g6.sunlight.net/r/w400/q85/media/products/f772e96793b2ff09c89c2fdc31589510413fd87f.jpg', 'Шейное укр., вставка: фианит зеленый;\n фианит;\nСеребро 925 пробы.'),
    (104, 91900, 'necklace', 'Золотое колье с фианитом', 6490.0, '38,40,42,43,45,50', null, 16, '585', 'Лазерная/Ударная', 32, 0.93, 'https://g2.sunlight.net/r/w400/q85/media/products/d7a11280d5e068f9e8d294a42a3a4caecf9cf614.jpg', 'Классические ювелирные украшения. Ювелирные украшения в классическом стиле: вне моды и времени. Отличительные признаки классики: спокойные плавные линии; гармоничные пропорции, симметричность, стандартные геометрические формы. Вы не прогадаете ни с собственным образом, ни с подарком!'),
    (105, 309860, 'necklace', 'Серебряное шейное украшение с фианитами', 7554.0, '35–40,37–42', 2, 2, '925', 'Лазерная/Ударная', 32, 21.59, 'https://g4.sunlight.net/r/w400/q85/media/products/f62be0ae-332f-11ec-8281-005056b30bd2.jpg', 'Быть в тренде – легко! Самые актуальные Украшения из коллекции SILVER FASHION: одно или сразу несколько – решать только Вам!'),
    (106, 990123, 'ring', 'Серебряное кольцо с фианитами', 1758.0, '16,16.5,18,17,17.5,18.5,19,19.5,20,20.5', 2, 2, '925', 'Лазерная/Ударная', 32, 3.26, 'https://g6.sunlight.net/r/w400/q85/media/products/a3f6e866-8fa4-11ee-b47e-005056bccafe.jpg', 'Кольцо, вставка: фианитом бесцветным;\nСеребро 925 пробы.'),
    (107, 345121, 'ring', 'Серебряное кольцо с фианитами', 1481.0, '15.5,16,16.5,17,15,17.5,18,18.5,19,19.5,20', 2, 2, '925', 'Лазерная/Ударная', 32, 1.82, 'https://g2.sunlight.net/r/w400/q85/media/products/2c43817e-e35d-11ed-b479-005056bc836d.jpg', 'Кольцо, вставка: фианитом бесцветным;\nСеребро 925 пробы.'),
    (108, 990122, 'earrings', 'Серебряные серьги с фианитами', 2671.0, null, 2, 2, '925', 'Лазерная/Ударная', 32, 4.97, 'https://g2.sunlight.net/r/w400/q85/media/products/9d8595a1-8fa4-11ee-b47e-005056bccafe.jpg', 'Серьги, вставка: фианитом бесцветным;\nСеребро 925 пробы.'),
    (109, 103749, 'ring', 'Серебряное кольцо с фианитами', 1190.0, '15.5,16,16.5,17.5,17,18,18.5,19,19.5,20,20.5', 2, 2, '925', 'Лазерная/Ударная', 32, 1.98, 'https://g2.sunlight.net/r/w400/q85/media/products/a564d59dfd8864b1a008cc44828e6ab18738d2f7.jpg', 'Кольцо, вставка: фианит черный;\nСеребро 925 пробы.'),
    (110, 38318, 'earrings', 'Серебряные серьги с фианитами', 990.0, null, 2, 2, '925', 'Лазерная/Ударная', 32, 2.99, 'https://g1.sunlight.net/r/w400/q85/media/products/be9ba6afd068f2eca567a18d991e206db7e1c58d.jpg', 'Серьги, вставка: фианитом бесцветным;\nСеребро 925 пробы.'),
    (111, 277116, 'ring', 'Золотое обручальное кольцо с бриллиантами', 15990.0, '15.5,16,16.5,17,15,17.5,18,18.5,19,19.5,20,20.5,21,21.5,22', 2, 16, '585', 'Лазерная/Ударная', 2, 1.58, 'https://g0.sunlight.net/r/w400/q85/media/products/025f024d338d14bd147fc298b2c89e1e65937f8d.jpg', 'Кольцо с 11 бриллиантами, 0.07 карат, огранка круг 17 граней, цвет 2, чистота 2, тип огранки Б;\nРозовое золото 585 пробы.'),
    (112, 51697, 'earrings', 'Золотые серьги с фианитами', 14590.0, null, 2, 16, '585', 'Лазерная/Ударная', 32, 2.16, 'https://g4.sunlight.net/r/w400/q85/media/products/5deba575f10648dae6e448303d1f446dce01c535.jpg', 'Костромские ювелирные украшения: традиционный русский стиль -  Коллекция украшений с традиционными русскими дизайнами. Украшения несут в себе ювелирные традиции, любимые многими поколениями российских женщин, которые сохранят свою ценность на многие года.'),
    (113, 80250, 'earrings', 'Золотые серьги с фианитами', 12990.0, null, 2, 16, '585', 'Лазерная/Ударная', 32, 1.56, 'https://g6.sunlight.net/r/w400/q85/media/products/da0f31f1ace8b2d3ffe881d689d27811039acba7.jpg', 'Костромские ювелирные украшения: традиционный русский стиль -  Коллекция украшений с традиционными русскими дизайнами. Украшения несут в себе ювелирные традиции, любимые многими поколениями российских женщин, которые сохранят свою ценность на многие года.'),
    (114, 270667, 'ring', 'Золотое кольцо с фианитами', 11990.0, '15.5,16,16.5,17.5,17,18,18.5,19,19.5,20,20.5,21', null, 16, '585', 'Лазерная/Ударная', 32, 1.47, 'https://g1.sunlight.net/r/w400/q85/media/products/555b4830093f266d1d5660d1a4eb110c56b266a4.jpg', 'Дерево - один из самых популярных талисманов, который встречается в культуре многих народов. Этот оберег указывает на родство и связь поколений, защищает своего владельца от разных напастей. Символ Древо жизни обычно выбирают те, кто мечтает о крепкой семье, в которой царит понимание, любовь и уют.\nТрендовые золотые украшения. Стильные украшения – обязательный элемент модного образа. Кольца и браслеты, колье и серьги – они всегда вызывают повышенный интерес.'),
    (115, 355420, 'ring', 'Серебряное кольцо с фианитами', 1660.0, '15.5,16,16.5,17,15,17.5,18,18.5,19,19.5,20', 2, 2, '925', 'Лазерная/Ударная', 32, 4.42, 'https://g7.sunlight.net/r/w400/q85/media/products/ea5f886d-8f7e-11ee-b47e-005056bccafe.jpg', 'Кольцо, вставка: фианитом бесцветным; \n фианит мистик;\nСеребро 925 пробы.'),
    (116, 108703, 'bracelet', 'Серебряный браслет с фианитами', 11992.0, '17.5,18.5,19.5,20.5', 2, 2, '925', 'Лазерная/Ударная', 32, 33.87, 'https://g6.sunlight.net/r/w400/q85/media/products/f51c851855e362c71764f1335f094777d3b70821.jpg', 'Браслет, вставка: фианит бесцветный;\nСеребро 925 пробы.'),
    (117, 281208, 'earrings', 'Серебряные серьги с фианитами', 1490.0, null, 2, 2, '925', 'Лазерная/Ударная', 32, 1.14, 'https://g9.sunlight.net/r/w400/q85/media/products/439d205f824012092e85ff7bcedfb2674cfd461a.jpg', 'Серьги, вставка: фианитом бесцветным;\nСеребро 925 пробы.'),
    (118, 265982, 'bracelet', 'Серебряный браслет с фианитами', 10109.0, '16–19,17–20', 2, 2, '925', 'Лазерная/Ударная', 32, 13.79, 'https://g3.sunlight.net/r/w400/q85/media/products/ef60c551c591c5ef11509d805960162a1c19622f.jpg', 'Браслет, вставка: танзанит синтетический;\n фианит;\nСеребро 925 пробы.'),
    (119, 994429, 'bracelet', 'Серебряный браслет с фианитами', 7729.0, '16.5,17,19', 2, 2, '925', 'Лазерная/Ударная', 32, 14.55, 'https://g1.sunlight.net/r/w400/q85/media/products/bda0fd32916cfa3c3efbaa294da7fcb2b7f5263e.jpg', 'Браслет, вставка: фианитом бесцветным; \n фианит жёлтый;\nСеребро 925 пробы.'),
    (120, 351238, 'ring', 'Золотое кольцо с фианитами', 7490.0, '15.5,16,16.5,17,15,17.5,18,18.5,19,19.5,20,20.5,21', 2, 16, '585', 'Лазерная/Ударная', 32, 0.82, 'https://g2.sunlight.net/r/w400/q85/media/products/51db7817009a265b7aa8b23455203b8682db0dc6.jpg', 'Кольцо, вставка: фианит бесцветный;\nРозовое золото 585 пробы.'),
    (121, 87424, 'ring', 'Серебряное кольцо с фианитами', 1005.0, '15.5,16,16.5,17.5,17,18,18.5,19,19.5,20,20.5,21', 2, 2, '925', 'Лазерная/Ударная', 32, 1.27, 'https://g1.sunlight.net/r/w400/q85/media/products/fe9e4b08b8f68ba75725267bf2175f4d1a2dd84c.jpg', 'Кольцо, вставка: фианит;\nСеребро 925 пробы.'),
    (122, 992896, 'ring', 'Золотое кольцо с фианитами', 12490.0, '15.5,16,16.5,17.5,17,18,18.5,19,19.5,20', 2, 16, '585', 'Лазерная/Ударная', 32, 1.77, 'https://g7.sunlight.net/r/w400/q85/media/products/9bbccad3-6413-11ee-b47c-005056bccafe.jpg', 'Кольцо, вставка: фианитом бесцветным;\nРозовое золото 585 пробы.'),
    (123, 46700, 'earrings', 'Золотые серьги с фианитами', 17990.0, null, 2, 16, '585', 'Лазерная/Ударная', 32, 2.66, 'https://g8.sunlight.net/r/w400/q85/media/products/29daeab1edfddf4044e5e2f7fcd6d6ff8c491175.jpg', 'Костромские ювелирные украшения: традиционный русский стиль -  Коллекция украшений с традиционными русскими дизайнами. Украшения несут в себе ювелирные традиции, любимые многими поколениями российских женщин, которые сохранят свою ценность на многие года.'),
    (124, 197118, 'ring', 'Золотое кольцо с фианитами', 31657.0, '18,19,19.5,18.5,20,20.5,21,21.5,22,22.5', 1, 16, '585', 'Лазерная/Ударная', 32, 3.72, 'https://g1.sunlight.net/r/w400/q85/media/products/66b95e871b8e72718106d95ede088fb99ce5e176.jpg', 'Мужская печатка — дополняющий аксессуар, знак престижа и статуса. Она может быть атрибутами стиля, социального положения и благосостояния. Более того, именно такой вариант кольца добавляет образу мужественности. Стиль кольца должен гармонировать с образом, вписываться в него. Покупая свою первую печатку, лучше остановиться на простом, более классическом варианте. Строгая геометрическая форма одинаково хорошо будет сочетаться и с деловым костюмом, и с фраком, и со спортивной одеждой.'),
    (125, 241347, 'earrings', 'Серебряные серьги с фианитами', 1490.0, null, 2, 2, '925', 'Лазерная/Ударная', 32, 1.58, 'https://g5.sunlight.net/r/w400/q85/media/products/454521df438aa3f0775e6af8457b92a2d066e53d.jpg', 'Серьги, вставка: фианитом бесцветным; \n фианит розовый;\nСеребро 925 пробы.'),
    (126, 280238, 'ring', 'Золотое кольцо с бриллиантами', 24994.0, '15.5,16,16.5,17,15,17.5,18,18.5,19,19.5,20,20.5,21,21.5,22', 2, 16, '585', 'Лазерная/Ударная', 2, 1.84, 'https://g8.sunlight.net/r/w400/q85/media/products/10bd3750ac999574033883614bb9b027fa9f48fd.jpg', 'Невероятная привлекательность украшений из этой коллекции обусловлена использованием в изделиях сверкающего алмазного диска, который позволяет визуально увеличить и эффектно представить бриллианты взору окружающих.'),
    (127, 157335, 'ring', 'Золотое кольцо с бриллиантами', 19990.0, '15.5,16,16.5,17,15,17.5,18,18.5,19,19.5,20,20.5', null, 16, '585', 'Лазерная/Ударная', 2, 1.23, 'https://g9.sunlight.net/r/w400/q85/media/products/dabbf8194c7d265e478b8a8ee0ea14405005d2c1.jpg', 'Кольцо с 54 бриллиантами, 0.12 карат, огранка круг 17 граней, цвет 2, чистота 2, тип огранки Б;\nРозовое золото 585 пробы.'),
    (128, 332155, 'necklace', 'Серебряное шейное украшение с фианитами', 2190.0, '40–45,45–50', 2, 2, '925', 'Лазерная/Ударная', 32, 2.2, 'https://g0.sunlight.net/r/w400/q85/media/products/50e7f4b00fc6dd95397d4e6aa9f22e8f41215856.jpg', 'Шейное укр., вставка: фианит;\nСеребро 925 пробы.'),
    (129, 354268, 'ring', 'Золотое кольцо с бриллиантами', 9990.0, '15.5,16,16.5,17,15,17.5,18,18.5,19', 2, 16, '585', 'Лазерная/Ударная', 2, 0.69, 'https://g6.sunlight.net/r/w400/q85/media/products/b359c9adccf27931daad7d88573962097d7f86ae.jpg', 'Кольцо с 1 бриллиантом, 0.008 карат, огранка круг 17 граней, цвет 2, чистота 2, тип огранки Б; \n6 бриллиантами, 0.02 карат, огранка круг 17 граней, цвет 2, чистота 2, тип огранки А;\nРозовое золото 585 пробы.'),
    (130, 33512, 'earrings', 'Серебряные серьги с фианитами', 2076.0, null, 2, 2, '925', 'Лазерная/Ударная', 32, 4.05, 'https://g1.sunlight.net/r/w400/q85/media/products/c28276fa22e0bfa9394fc17a101a4f48dd404f41.jpg', 'Серьги, вставка: фианитом бесцветным;\nСеребро 925 пробы.'),
    (131, 20936, 'ring', 'Серебряное кольцо с фианитами', 990.0, '15.5,16,16.5,17,15,17.5,18,18.5,19,19.5,20,20.5,21,21.5', 2, 2, '925', 'Лазерная/Ударная', 32, 1.99, 'https://g9.sunlight.net/r/w400/q85/media/products/b108e5183e4c886b67be31613be209dcc218802a.jpg', 'Кольцо, вставка: фианит бесцветный;\nСеребро 925 пробы.'),
    (132, 146521, 'earrings', 'Золотые серьги с бриллиантами', 32990.0, null, 2, 16, '585', 'Лазерная/Ударная', 2, 2.2, 'https://g1.sunlight.net/r/w400/q85/media/products/5886fafa59251b3539000eee216fd0ce897250c7.jpg', 'Серьги с 64 бриллиантами, 0.16 карат, огранка круг 17 граней, цвет 2, чистота 2, тип огранки А;\nРозовое золото 585 пробы.'),
    (133, 44619, 'earrings', 'Золотые серьги с фианитами', 16591.0, null, 2, 16, '585', 'Лазерная/Ударная', 32, 1.94, 'https://g2.sunlight.net/r/w400/q85/media/products/b56a7dfa64818ff42ebe6d485f0300691881e63e.jpg', 'Классические ювелирные украшения. Ювелирные украшения в классическом стиле: вне моды и времени. Отличительные признаки классики: спокойные плавные линии; гармоничные пропорции, симметричность, стандартные геометрические формы. Вы не прогадаете ни с собственным образом, ни с подарком!'),
    (134, 98519, 'ring', 'Серебряное кольцо с фианитами', 1490.0, '15.5,16,16.5,17.5,17,18,18.5,19,19.5,20', 2, 2, '925', 'Лазерная/Ударная', 32, 1.2, 'https://g5.sunlight.net/r/w400/q85/media/products/a7c4b9a73bf3b40c96bf27f1fb418b3df7041629.jpg', 'Кольцо, вставка: фианит;\nСеребро 925 пробы.'),
    (135, 267154, 'earrings', 'Серебряные серьги с фианитами', 2190.0, null, 2, 2, '925', 'Лазерная/Ударная', 32, 2.22, 'https://g2.sunlight.net/r/w400/q85/media/products/5b401f1dd8c81913abbdbae79aaea47aaf099176.jpg', 'Серьги, вставка: фианитом бесцветным;\nСеребро 925 пробы.'),
    (136, 180175, 'ring', 'Золотое кольцо с бриллиантами', 6990.0, '15.5,16,16.5,17,15,17.5,18,18.5,19,19.5,20,20.5', 2, 16, '585', 'Лазерная/Ударная', 2, 0.66, 'https://g9.sunlight.net/r/w400/q85/media/products/15dac3249a69a068cf9bc3fc12ddd6976d4a42a6.jpg', 'Кольцо с 1 бриллиантом, 0.03 карат, огранка круг 57 граней, цвет 3, чистота 6, тип огранки А;\nРозовое золото 585 пробы.'),
    (137, 309904, 'earrings', 'Серебряные серьги с фианитами', 1990.0, null, 2, 2, '925', 'Лазерная/Ударная', 32, 2.34, 'https://g5.sunlight.net/r/w400/q85/media/products/f6609d664161df5b987abed8f9898503f9cd4598.jpg', 'Быть в тренде – легко! Самые актуальные Украшения из коллекции SILVER FASHION: одно или сразу несколько – решать только Вам!'),
    (138, 370387, 'earrings', 'Золотые серьги с фианитами', 5944.0, null, 4, 16, '375', 'Лазерная/Ударная', 32, 0.85, 'https://g6.sunlight.net/r/w400/q85/media/products/98ce1607-5ec9-11ef-b500-005056bccafe.jpg', 'Серьги, вставка: фианитом бесцветным;\nРозовое золото 375 пробы.'),
    (139, 89436, 'earrings', 'Серебряные серьги с жемчугом и фианитами', 1490.0, null, 2, 2, '925', 'Лазерная/Ударная', 40, 4.32, 'https://g2.sunlight.net/r/w400/q85/media/products/920409a8b2306b2ad46b3008484bd759c6bb58fc.jpg', 'Идеальный, круглый жемчуг - вечная классика, которая не выходит из моды.  Украшения с жемчугом  добавляют образу женственности и элегантности.'),
    (140, 345055, 'ring', 'Золотое кольцо с бриллиантами', 6490.0, '15.5,16,16.5,17,15,17.5,18,18.5,19,19.5,20,20.5', 2, 16, '585', 'Лазерная/Ударная', 2, 0.55, 'https://g7.sunlight.net/r/w400/q85/media/products/7bc94934-4d4f-11ee-b47b-005056bccafe.jpg', 'Кольцо с 5 бриллиантами, 0.009 карат, огранка круг 17 граней, цвет 2, чистота 2, тип огранки А;\nРозовое золото 585 пробы.'),
    (141, 73231, 'earrings', 'Серебряные серьги с фианитами', 1790.0, null, 2, 2, '925', 'Лазерная/Ударная', 32, 3.21, 'https://g3.sunlight.net/r/w400/q85/media/products/dc80a3ce1af61295afdd3eea4fb1066ba2768766.jpg', 'Серьги, вставка: фианитом бесцветным;\nСеребро 925 пробы.'),
    (142, 49860, 'ring', 'Серебряное кольцо с фианитами', 827.0, '15.5,16,16.5,17,15,17.5,18,18.5,19,19.5,20,20.5,21', 2, 2, '925', 'Лазерная/Ударная', 32, 1.05, 'https://g7.sunlight.net/r/w400/q85/media/products/034d41f341c506f0c1aeb7190e1b1831a39f897a.jpg', 'Кольцо, вставка: фианитом бесцветным;\nСеребро 925 пробы.'),
    (143, 249698, 'earrings', 'Золотые серьги с фианитами', 12991.0, null, 2, 16, '585', 'Лазерная/Ударная', 32, 1.71, 'https://g0.sunlight.net/r/w400/q85/media/products/533f9290844e236cf00e08086fa93983497283ca.jpg', 'Трендовые золотые украшения. Стильные украшения – обязательный элемент модного образа. Кольца и браслеты, колье и серьги – они всегда вызывают повышенный интерес.'),
    (144, 369345, 'earrings', 'Золотые серьги с фианитами', 13990.0, null, 2, 16, '585', 'Лазерная/Ударная', 32, 1.67, 'https://g7.sunlight.net/r/w400/q85/media/products/e252f81181517ec0a39a6f76176ad222fb8f73d0.jpg', 'Серьги, вставка: фианитом бесцветным;\nРозовое золото 585 пробы.'),
    (145, 131101, 'earrings', 'Золотые серьги с фианитами', 13490.0, null, null, 16, '585', 'Лазерная/Ударная', 32, 1.86, 'https://g0.sunlight.net/r/w400/q85/media/products/e5bff57d6c505d93b70355f6567b78bdc0a3d18b.jpg', 'Классические ювелирные украшения. Ювелирные украшения в классическом стиле: вне моды и времени. Отличительные признаки классики: спокойные плавные линии; гармоничные пропорции, симметричность, стандартные геометрические формы. Вы не прогадаете ни с собственным образом, ни с подарком!'),
    (146, 43148, 'earrings', 'Серебряные серьги с фианитами', 990.0, null, 2, 2, '925', 'Лазерная/Ударная', 32, 2.72, 'https://g6.sunlight.net/r/w400/q85/media/products/99dc5b8cad3097478611550c45837349d6d18e10.jpg', 'Серьги, вставка: алпанит синий; \n фианитом бесцветным;\nСеребро 925 пробы.'),
    (147, 56411, 'ring', 'Золотое кольцо c бриллиантами', 30994.0, '15.5,16,16.5,17,15,17.5,18,18.5,19,19.5,20,20.5,21,21.5,22', 2, 8, '585', 'Лазерная/Ударная', 2, 1.42, 'https://g7.sunlight.net/r/w400/q85/media/products/42194ca549d34b424e4b40dd3c45967151ba63b8.jpg', 'Кольцо из белого золота 585 пробы, украшенное 12 бриллиантами общим весом 0.087 карата и главным бриллиантов — 0,04 карата. Характеристики камней:\n\n• Цвет — 3\n• Чистота — 5\n• Огранка — круглая, 57 граней\n\nЭто украшение воплощает элегантность и долговечность, идеально подходит для особых моментов в жизни.'),
    (148, 265949, 'ring', 'Золотое кольцо с фианитами', 11466.0, '15,16,16.5,17.5,17,18,18.5,19,19.5', 2, 16, '585', 'Лазерная/Ударная', 32, 1.48, 'https://g0.sunlight.net/r/w400/q85/media/products/2647b559b7da51d9ce43608048da6ed6360288b4.jpg', 'Костромские ювелирные украшения: традиционный русский стиль -  Коллекция украшений с традиционными русскими дизайнами. Украшения несут в себе ювелирные традиции, любимые многими поколениями российских женщин, которые сохранят свою ценность на многие года.'),
    (149, 74414, 'ring', 'Серебряное кольцо с фианитами', 790.0, '12,13.5,13,14,14.5,15,15.5,16,16.5,17,17.5,18,18.5,19', 2, 2, '925', 'Лазерная/Ударная', 32, 0.74, 'https://g9.sunlight.net/r/w400/q85/media/products/1c5cc69e0be520863ee23d3f47333aa07a251557.jpg', 'Быть в тренде – легко! Самые актуальные Украшения из коллекции SILVER FASHION: одно или сразу несколько – решать только Вам!'),
    (150, 248566, 'ring', 'Серебряное кольцо с фианитами', 3144.0, '16,16.5,18,17,17.5,18.5,19,19.5,20', 2, 2, '925', 'Лазерная/Ударная', 32, 3.99, 'https://g2.sunlight.net/r/w400/q85/media/products/ed06f9f3a16323eb2eb46d32c3c2aef439cd0761.jpg', 'Кольцо, вставка: фианитом бесцветным;\nСеребро 925 пробы.'),
    (151, 167428, 'earrings', 'Золотые серьги с фианитами', 6990.0, null, 4, 16, '585', 'Лазерная/Ударная', 32, 0.74, 'https://g3.sunlight.net/r/w400/q85/media/products/268e3cc4c9377a8d2e870fcd48daa70b3a51092d.jpg', 'Серьги, вставка: фианитом бесцветным;\nРозовое золото 585 пробы.'),
    (152, 49855, 'ring', 'Серебряное кольцо с фианитами', 1481.0, '15.5,16,16.5,17.5,17,18,18.5,19,19.5,20,20.5,21', 2, 2, '925', 'Лазерная/Ударная', 32, 1.81, 'https://g2.sunlight.net/r/w400/q85/media/products/157718548cff1c571af63780fc01080898cb64b0.jpg', 'Кольцо, вставка: фианит;\nСеребро 925 пробы.'),
    (153, 356183, 'earrings', 'Серебряные серьги с фианитами', 1073.0, null, 2, 2, '925', 'Лазерная/Ударная', 32, 1.11, 'https://g0.sunlight.net/r/w400/q85/media/products/2df26ce5-3cc4-11ee-b47a-005056bccafe.jpg', 'Серьги, вставка: фианитом бесцветным;\nСеребро 925 пробы.'),
    (154, 57970, 'ring', 'Золотое кольцо c бриллиантами', 30994.0, '15.5,16,16.5,17,15,17.5,18,18.5,19,19.5,20,20.5,21,21.5,22', 2, 16, '585', 'Лазерная/Ударная', 2, 1.25, 'https://g2.sunlight.net/r/w400/q85/media/products/674b37f06d0e8127c6e4790dbb04ae440a421c9b.jpg', 'Кольцо с 1 бриллиантом, 0.04 карат, огранка круг 57 граней, цвет 3, чистота 5, тип огранки А; \n6 бриллиантами, 0.06 карат, огранка круг 57 граней, цвет 3, чистота 5, тип огранки А; \n6 бриллиантами, 0.01 карат, огранка круг 57 граней, цвет 3, чистота 5, тип огранки А;\nРозовое золото 585 пробы.'),
    (155, 154244, 'ring', 'Золотое кольцо с фианитами', 13490.0, '15.5,16,16.5,17.5,17,18,18.5,19,19.5,20,20.5,21,21.5', 2, 16, '585', 'Лазерная/Ударная', 32, 1.71, 'https://g5.sunlight.net/r/w400/q85/media/products/b547022215defdf61cd3ea179b7f891fc0b3e016.jpg', 'Костромские ювелирные украшения: традиционный русский стиль -  Коллекция украшений с традиционными русскими дизайнами. Украшения несут в себе ювелирные традиции, любимые многими поколениями российских женщин, которые сохранят свою ценность на многие года.'),
    (156, 332362, 'ring', 'Серебряное кольцо с фианитами', 708.0, '15.5,16,16.5,17.5,17,18,18.5,19,19.5', 2, 2, '925', 'Лазерная/Ударная', 32, 0.85, 'https://g5.sunlight.net/r/w400/q85/media/products/905af83e00ac2a89063cfa6cc8a77201ba32292e.jpg', 'Кольцо, вставка: фианитом бесцветным;\nСеребро 925 пробы.'),
    (157, 86964, 'earrings', 'Золотые серьги с фианитами', 5990.0, null, 4, 16, '585', 'Лазерная/Ударная', 32, 0.7, 'https://g3.sunlight.net/r/w400/q85/media/products/36f28fe5d2456ed4c52333c5da675320341aad37.jpg', 'Серьги, вставка: фианитом бесцветным;\nРозовое и белое золото 585 пробы.'),
    (158, 992664, 'earrings', 'Серебряные серьги с фианитами', 1002.0, null, 2, 2, '925', 'Лазерная/Ударная', 32, 1.1, 'https://g8.sunlight.net/r/w400/q85/media/products/3823c6cef682a06841cf54a0c07674cbad08431f.jpg', 'Серьги, вставка: фианитом бесцветным;\nСеребро 925 пробы.'),
    (159, 44679, 'earrings', 'Золотые серьги с фианитами', 15990.0, null, 2, 16, '585', 'Лазерная/Ударная', 32, 2.19, 'https://g6.sunlight.net/r/w400/q85/media/products/8bb4b187ace56507f08b867c688f40ebbc0bfc2e.jpg', 'Костромские ювелирные украшения: традиционный русский стиль -  Коллекция украшений с традиционными русскими дизайнами. Украшения несут в себе ювелирные традиции, любимые многими поколениями российских женщин, которые сохранят свою ценность на многие года.'),
    (160, 354395, 'earrings', 'Золотые серьги с фианитами', 7990.0, null, 2, 16, '585', 'Лазерная/Ударная', 32, 0.91, 'https://g4.sunlight.net/r/w400/q85/media/products/9de41a5efeb81c6a797dbecd75db3f4f06953277.jpg', 'Серьги, вставка: фианитом бесцветным;\nРозовое золото 585 пробы.'),
    (161, 43157, 'earrings', 'Серебряные серьги с фианитами', 1124.0, null, null, 2, '925', 'Лазерная/Ударная', 32, 1.02, 'https://g0.sunlight.net/r/w400/q85/media/products/e4a7df3e423f43d7901a90e16c68bdcd698056ba.jpg', 'Серьги, вставка: фианитом бесцветным;\nСеребро 925 пробы.'),
    (162, 241461, 'earrings', 'Золотые серьги с фианитами', 9129.0, null, 4, 16, '585', 'Лазерная/Ударная', 32, 1.05, 'https://g0.sunlight.net/r/w400/q85/media/products/e4b9989b0a6b2a6c32c138fd3077f238d4ec3320.jpg', 'Серьги, вставка: фианитом бесцветным; \n фианит розовый;\nРозовое золото 585 пробы.'),
    (163, 279752, 'ring', 'Золотое кольцо с фианитами', 15145.0, '15.5,16,16.5,17.5,17,18,18.5,19,19.5,20', 2, 16, '585', 'Лазерная/Ударная', 32, 2.22, 'https://g5.sunlight.net/r/w400/q85/media/products/85bc8e704e2450935035d43840b94b8a189a00eb.jpg', 'Костромские ювелирные украшения: традиционный русский стиль -  Коллекция украшений с традиционными русскими дизайнами. Украшения несут в себе ювелирные традиции, любимые многими поколениями российских женщин, которые сохранят свою ценность на многие года.'),
    (164, 285586, 'earrings', 'Серебряные серьги с фианитами', 1660.0, null, null, 2, '925', 'Лазерная/Ударная', 32, 3.44, 'https://g8.sunlight.net/r/w400/q85/media/products/7780d7ce-599d-11ec-82b2-005056b30bd2.jpg', 'Серьги, вставка: фианитом бесцветным;\nСеребро 925 пробы.'),
    (165, 986745, 'earrings', 'Золотые серьги с бриллиантами', 29990.0, null, 2, 16, '585', 'Лазерная/Ударная', 2, 1.81, 'https://g0.sunlight.net/r/w400/q85/media/products/c6c16e63-166e-11ee-b479-005056bc836d.jpg', 'Серьги с 2 бриллиантами, 0.02 карат, огранка круг 57 граней, цвет 4, чистота 6, тип огранки А; \n12 бриллиантами, 0.07 карат, огранка круг 57 граней, цвет 4, чистота 6, тип огранки А; \n44 бриллиантами, 0.09 карат, огранка круг 17 граней, цвет 2, чистота 2, тип огранки А;\nРозовое золото 585 пробы.'),
    (166, 85469, 'earrings', 'Золотые серьги с фианитами', 13490.0, null, null, 16, '585', 'Лазерная/Ударная', 32, 1.86, 'https://g1.sunlight.net/r/w400/q85/media/products/886bd23f0b00a9ed433658068b5b8c9fa778265e.jpg', 'Костромские ювелирные украшения: традиционный русский стиль -  Коллекция украшений с традиционными русскими дизайнами. Украшения несут в себе ювелирные традиции, любимые многими поколениями российских женщин, которые сохранят свою ценность на многие года.'),
    (167, 309477, 'ring', 'Золотое кольцо с бриллиантами', 32194.0, '15.5,16,16.5,17.5,17,18,18.5,19,19.5', 2, 16, '585', 'Лазерная/Ударная', 2, 1.74, 'https://g8.sunlight.net/r/w400/q85/media/products/154da18c-5108-11ec-82a7-005056b30bd2.jpg', 'Невероятная привлекательность украшений из этой коллекции обусловлена использованием в изделиях сверкающего алмазного диска, который позволяет визуально увеличить и эффектно представить бриллианты взору окружающих.'),
    (168, 156920, 'ring', 'Золотое кольцо с фианитами', 5490.0, '15.5,16,16.5,17.5,17,18,18.5', 2, 16, '585', 'Лазерная/Ударная', 32, 0.72, 'https://g8.sunlight.net/r/w400/q85/media/products/2a3d350c9d6a817c4b2d9515ad99df04e8aea3a5.jpg', 'Трендовые золотые украшения. Стильные украшения – обязательный элемент модного образа. Кольца и браслеты, колье и серьги – они всегда вызывают повышенный интерес.'),
    (169, 151456, 'earrings', 'Золотые серьги с бриллиантами', 14990.0, null, null, 8, '585', 'Лазерная/Ударная', 2, 0.77, 'https://g2.sunlight.net/r/w400/q85/media/products/7d40eca779fa49e17a848cfe94cc12451f89a519.jpg', 'Серьги с 2 бриллиантами, 0.06 карат, огранка круг 57 граней, цвет 3, чистота 6, тип огранки А;\nБелое золото 585 пробы.'),
    (170, 88797, 'ring', 'Золотое кольцо с фианитами', 14836.0, '15.5,16,16.5,17,15,17.5,18,18.5,19,19.5,20,20.5,21', null, 16, '585', 'Лазерная/Ударная', 32, 1.9, 'https://g5.sunlight.net/r/w400/q85/media/products/16284485f7cfb26289fa02df103af6a4350d7202.jpg', 'Классические ювелирные украшения. Ювелирные украшения в классическом стиле: вне моды и времени. Отличительные признаки классики: спокойные плавные линии; гармоничные пропорции, симметричность, стандартные геометрические формы. Вы не прогадаете ни с собственным образом, ни с подарком!'),
    (171, 373309, 'ring', 'Золотое кольцо с фианитами', 4838.0, '16.5,17,18,18.5,17.5,19', 2, 16, '375', 'Лазерная/Ударная', 32, 0.68, 'https://g3.sunlight.net/r/w400/q85/media/products/72567e4f-5ec9-11ef-b500-005056bccafe.jpg', 'Кольцо, вставка: фианитом бесцветным;\nРозовое золото 375 пробы.'),
    (172, 66764, 'necklace', 'Серебряное шейное украшение с фианитами', 1779.0, '40–45,35–40,37–42', 2, 2, '925', 'Лазерная/Ударная', 32, 2.53, 'https://g1.sunlight.net/r/w400/q85/media/products/0ff4d99fc6d1f1f57c137fca59d91bccd8dd3fde.jpg', 'Быть в тренде – легко! Самые актуальные Украшения из коллекции SILVER FASHION: одно или сразу несколько – решать только Вам!'),
    (173, 345712, 'earrings', 'Золотые серьги с фианитами', 5990.0, null, 4, 16, '585', 'Лазерная/Ударная', 32, 0.66, 'https://g4.sunlight.net/r/w400/q85/media/products/8c932a06-9e16-11ed-845f-0050568ccb93.jpg', 'Серьги, вставка: фианит розовый;\nРозовое золото 585 пробы.'),
    (174, 108926, 'earrings', 'Золотые серьги с фианитами', 21990.0, null, 2, 16, '585', 'Лазерная/Ударная', 32, 2.54, 'https://g4.sunlight.net/r/w400/q85/media/products/710e4103aeec871ef737f583aa8735d2c2f5ea43.jpg', 'Костромские ювелирные украшения: традиционный русский стиль -  Коллекция украшений с традиционными русскими дизайнами. Украшения несут в себе ювелирные традиции, любимые многими поколениями российских женщин, которые сохранят свою ценность на многие года.'),
    (175, 373311, 'ring', 'Золотое кольцо с фианитами', 13846.0, '18,19,19.5,18.5,20,20.5,21,21.5,22,22.5,23', null, 16, '585', 'Лазерная/Ударная', 32, 1.76, 'https://g8.sunlight.net/r/w400/q85/media/products/b2dbb570-75b0-11ef-b51d-005056bccafe.jpg', 'Кольцо, вставка: фианитом бесцветным; \n черным фианитом;\nРозовое золото 585 пробы.'),
    (176, 305310, 'earrings', 'Золотые серьги с бриллиантами', 32194.0, null, 2, 24, '585', 'Лазерная/Ударная', 2, 1.65, 'https://g6.sunlight.net/r/w400/q85/media/products/a6bcbeef-42ed-11ec-8295-005056b30bd2.jpg', 'Невероятная привлекательность украшений из этой коллекции обусловлена использованием в изделиях сверкающего алмазного диска, который позволяет визуально увеличить и эффектно представить бриллианты взору окружающих.'),
    (177, 100407, 'ring', 'Серебряное кольцо с фианитами', 1190.0, '15.5,16,16.5,17.5,17,18,18.5,19,19.5,20', 2, 2, '925', 'Лазерная/Ударная', 32, 2.07, 'https://g6.sunlight.net/r/w400/q85/media/products/504d0d824478432d00fe5ba50963476e7f2ee279.jpg', 'Кольцо, вставка: фианит бесцветный;\n фианит зеленый;\nСеребро 925 пробы.'),
    (178, 26058, 'earrings', 'Серебряные серьги с фианитами', 1779.0, null, null, 2, '925', 'Лазерная/Ударная', 32, 2.94, 'https://g9.sunlight.net/r/w400/q85/media/products/be0b72b52f0a243dab8e493b1c238a77add788ba.jpg', 'Серьги, вставка: фианитом бесцветным;\nСеребро 925 пробы.'),
    (179, 341870, 'ring', 'Золотое кольцо с бриллиантами', 21994.0, '15.5,16,16.5,17,15,17.5,18,18.5,19,19.5,20,20.5,21,21.5,22', 2, 16, '585', 'Лазерная/Ударная', 2, 1.21, 'https://g8.sunlight.net/r/w400/q85/media/products/519639cf-6e71-11ee-b47c-005056bccafe.jpg', 'Кольцо с 55 бриллиантами, 0.13 карат, огранка круг 17 граней, цвет 2, чистота 2, тип огранки Б;\nРозовое золото 585 пробы.'),
    (180, 247318, 'necklace', 'Серебряное шейное украшение с фианитами', 1569.0, '40–45', 2, 2, '925', 'Лазерная/Ударная', 32, 2.27, 'https://g7.sunlight.net/r/w400/q85/media/products/fd7d878894b675df83bcf2259d180a23efaa9a74.jpg', 'Шейное укр., вставка: фианит бесцветный;\nСеребро 925 пробы.'),
    (181, 371161, 'ring', 'Серебряное кольцо с фианитами', 1128.0, '15.5,16,16.5,17,15,17.5,18,18.5,19,19.5,20,20.5', 2, 2, '925', 'Лазерная/Ударная', 32, 0.98, 'https://g5.sunlight.net/r/w400/q85/media/products/1bf37d0d-5df5-11ef-b4ff-005056bccafe.jpg', 'Кольцо, вставка: фианитом бесцветным;\nСеребро 925 пробы.'),
    (182, 309475, 'ring', 'Золотое кольцо с бриллиантами', 15394.0, '15.5,16,16.5,17.5,17,18,18.5,19,19.5', 2, 16, '585', 'Лазерная/Ударная', 2, 1.14, 'https://g7.sunlight.net/r/w400/q85/media/products/635dd927-5d65-11ec-82b7-005056b30bd2.jpg', 'Невероятная привлекательность украшений из этой коллекции обусловлена использованием в изделиях сверкающего алмазного диска, который позволяет визуально увеличить и эффектно представить бриллианты взору окружающих.'),
    (183, 252137, 'ring', 'Серебряное кольцо с фианитами', 990.0, '15.5,16,16.5,17,15,17.5,18,18.5,19,19.5,20,20.5', 2, 2, '925', 'Лазерная/Ударная', 32, 1.35, 'https://g2.sunlight.net/r/w400/q85/media/products/98c944d92ead9729af1c80afdbc9fc6a91f51773.jpg', 'Кольцо, вставка: фианит;\nСеребро 925 пробы.'),
    (184, 988392, 'earrings', 'Золотые серьги с бриллиантами', 8396.0, null, 2, 16, '585', 'Лазерная/Ударная', 2, 0.86, 'https://g7.sunlight.net/r/w400/q85/media/products/9bbe2a65b34af3f99980340cb20b57ea1a526c69.jpg', 'Серьги с 2 бриллиантами, 0.008 карат, огранка круг 17 граней, цвет 2, чистота 2, тип огранки А;\nРозовое золото 585 пробы.'),
    (185, 343929, 'ring', 'Золотое кольцо с фианитами', 19858.0, '16.5,17,18,18.5,17.5,19,19.5,20,20.5,21', 2, 16, '585', 'Лазерная/Ударная', 32, 2.63, 'https://g0.sunlight.net/r/w400/q85/media/products/c8e7af07-90b7-11ed-844d-0050568ccb93.jpg', 'Кольцо, вставка: фианитом бесцветным;\nРозовое золото 585 пробы.'),
    (186, 280239, 'earrings', 'Золотые серьги с бриллиантами', 14990.0, null, null, 8, '585', 'Лазерная/Ударная', 2, 1.31, 'https://g0.sunlight.net/r/w400/q85/media/products/434fc59d3adca8190637cea1aff1a63b258c15c4.jpg', 'Серьги с 20 бриллиантами, 0.03 карат, огранка круг 17 граней, цвет 2, чистота 2, тип огранки Б;\nБелое золото 585 пробы.'),
    (187, 989258, 'earrings', 'Серебряные серьги с жемчугом', 3425.0, null, 2, 2, '925', 'Лазерная/Ударная', 8, 4.9, 'https://g7.sunlight.net/r/w400/q85/media/products/6d4037f6-bc0a-11ee-b47e-005056bccafe.jpg', 'Серьги с 2 жемчугами пресноводными культ.черными;\nСеребро 925 пробы.'),
    (188, 101570, 'ring', 'Золотое кольцо с фианитами', 9040.0, '15.5,16,16.5,17,15,17.5,18,18.5,19,19.5,20,20.5,21,21.5,22', 2, 16, '585', 'Лазерная/Ударная', 32, 1.08, 'https://g9.sunlight.net/r/w400/q85/media/products/64569386e66122fe5113b3b6cf4741704c25c8f2.jpg', 'Классические ювелирные украшения. Ювелирные украшения в классическом стиле: вне моды и времени. Отличительные признаки классики: спокойные плавные линии; гармоничные пропорции, симметричность, стандартные геометрические формы. Вы не прогадаете ни с собственным образом, ни с подарком!'),
    (189, 988503, 'ring', 'Золотое кольцо с фианитами', 13081.0, '15.5,16,16.5,17.5,17,18,18.5,19,19.5,20,20.5,21', 2, 16, '585', 'Лазерная/Ударная', 32, 1.81, 'https://g8.sunlight.net/r/w400/q85/media/products/06582970-47d2-11ee-b47b-005056bccafe.jpg', 'Кольцо, вставка: фианитом бесцветным;\nРозовое золото 585 пробы.'),
    (190, 267187, 'earrings', 'Серебряные серьги с фианитами', 708.0, null, 2, 2, '925', 'Лазерная/Ударная', 32, 1.2, 'https://g8.sunlight.net/r/w400/q85/media/products/402001fc3dded2ef6283f6a1ebf90493720fe97e.jpg', 'Серьги, вставка: фианитом бесцветным;\nСеребро 925 пробы.'),
    (191, 99435, 'ring', 'Золотое кольцо с бриллиантами', 27994.0, '15.5,16,16.5,17,15,17.5,18,18.5,19,19.5,20,20.5,21', null, 16, '585', 'Лазерная/Ударная', 2, 1.18, 'https://g1.sunlight.net/r/w400/q85/media/products/668a82e1da91b330da7b5da970785e9b2ac1646b.jpg', 'Кольцо «Бриллианты Якутии» — это истинное произведение ювелирного искусства. \n\nВеликолепный бриллиант весом 0,093 карата в 57 граней придаст вашему образу неповторимое сияние. Цвет — 3 и чистота — 6 гарантируют качество и блеск камня. Красивая оправа из розового золота 585 пробы добавляет роскоши и шарма. \n\nЭто кольцо станет идеальным подарком или дополнением к вашему стильному наряду. Позвольте себе носить это изысканную украшение и привлекать восхищенные взгляды.'),
    (192, 285345, 'earrings', 'Серебряные серьги с фианитами', 1779.0, null, 2, 2, '925', 'Лазерная/Ударная', 32, 4.97, 'https://g3.sunlight.net/r/w400/q85/media/products/4cf9526b55b6849eb37b49a96f8e10d98cd21ea9.jpg', 'Серьги, вставка: фианитом бесцветным; \n фианит мистик;\nСеребро 925 пробы.'),
    (193, 370426, 'ring', 'Золотое кольцо с фианитами', 4101.0, '17,18,19,18.5,17.5', 2, 16, '375', 'Лазерная/Ударная', 32, 0.62, 'https://g4.sunlight.net/r/w400/q85/media/products/061667920d26ca4fa55cbf2ae76677a526c74ff9.jpg', 'Кольцо, вставка: фианит зеленый;\nРозовое золото 375 пробы.'),
    (194, 63626, 'earrings', 'Серебряные серьги с жемчугом', 1190.0, null, null, 2, '925', 'Лазерная/Ударная', 8, 2.55, 'https://g3.sunlight.net/r/w400/q85/media/products/f6310c680cd6515ec23a2c5b10f7366053f17a8f.jpg', 'Идеальный, круглый жемчуг - вечная классика, которая не выходит из моды.  Украшения с жемчугом  добавляют образу женственности и элегантности.'),
    (195, 340743, 'ring', 'Золотое кольцо с фианитом', 6990.0, '15.5,16,16.5,17,15,17.5,18,18.5,19,19.5,20,20.5', 2, 8, '585', 'Лазерная/Ударная', 32, 0.86, 'https://g3.sunlight.net/r/w400/q85/media/products/e3de953feb32f63fc18c5f01080457afe9d2540a.jpg', 'Восхитительное кольцо, которое станет идеальным подарком для особого человека. Оно изготовлено из белого золота 585 пробы, вставка из фианита придает кольцу яркость и блеск, делая его по-настоящему впечатляющим. \n\nЭто украшение подчеркнет индивидуальность и стиль его обладательницы, добавляя ей шарма и элегантности. Не упустите возможность приобрести это кольцо и порадовать важного человека в своей жизни.'),
    (196, 349217, 'earrings', 'Золотые серьги с фианитами', 6990.0, null, 4, 16, '585', 'Лазерная/Ударная', 32, 0.69, 'https://g2.sunlight.net/r/w400/q85/media/products/e2614b11-df84-11ed-b479-005056bc836d.jpg', 'Серьги, вставка: фианитом бесцветным;\nРозовое золото 585 пробы.'),
    (197, 57192, 'necklace', 'Золотое шейное украшение с жемчугом культивированным', 14990.0, '40,50,45,55', 2, 16, '585', 'Лазерная/Ударная', 8, 30.23, 'https://g2.sunlight.net/r/w400/q85/media/products/d647fdc5c855e103613b361e8b90a8a025397f33.jpg', '191.30, вставка: жемчуг пресноводный культивированный белый;\nРозовое золото 585 пробы.'),
    (198, 299566, 'earrings', 'Серебряные серьги с фианитами', 1257.0, null, 2, 2, '925', 'Лазерная/Ударная', 32, 2.97, 'https://g2.sunlight.net/r/w400/q85/media/products/a29f87274c118555e01eabaa491df036fc3e3ce6.jpg', 'Серьги, вставка: фианитом бесцветным;\nСеребро 925 пробы.'),
    (199, 108793, 'earrings', 'Золотые серьги с бриллиантами', 17990.0, null, null, 16, '585', 'Лазерная/Ударная', 2, 1.42, 'https://g7.sunlight.net/r/w400/q85/media/products/2c24842ea85905697c9a4e67dbd10370c1dc5564.jpg', 'Серьги с 2 бриллиантами, 0.08 карат, огранка круг 57 граней, цвет 4, чистота 6, тип огранки А;\nРозовое золото 585 пробы.'),
    (200, 345713, 'earrings', 'Золотые серьги с фианитами', 5990.0, null, 4, 16, '585', 'Лазерная/Ударная', 32, 0.64, 'https://g6.sunlight.net/r/w400/q85/media/products/93463670-9e16-11ed-845f-0050568ccb93.jpg', 'Серьги, вставка: фианит синий;\nРозовое золото 585 пробы.');

INSERT INTO product_sizes (size, product_types) VALUES
    (12.0, 1),
    (13.0, 1),
    (13.5, 1),
    (14.0, 1),
    (14.5, 1),
    (15.0, 1),
    (15.5, 1),
    (16.0, 3),
    (16.5, 3),
    (17.0, 3),
    (17.5, 3),
    (18.0, 3),
    (18.5, 3),
    (19.0, 3),
    (19.5, 3),
    (20.0, 3),
    (20.5, 3),
    (21.0, 1),
    (21.5, 1),
    (22.0, 1),
    (22.5, 1),
    (23.0, 1),
    (35.0, 32),
    (36.0, 32),
    (37.0, 32),
    (38.0, 32),
    (39.0, 32),
    (40.0, 32),
    (41.0, 32),
    (42.0, 32),
    (43.0, 32),
    (44.0, 32),
    (45.0, 32),
    (46.0, 32),
    (47.0, 32),
    (48.0, 32),
    (49.0, 32),
    (50.0, 32),
    (51.0, 32),
    (52.0, 32),
    (53.0, 32),
    (54.0, 32),
    (55.0, 32);

INSERT INTO product_size_mappings (product_id, product_size_id) VALUES
    (2, 6), (2, 7), (2, 8), (2, 9), (2, 10), (2, 11), (2, 12), (2, 13), (2, 14), (2, 15), (2, 16),
    (4, 7), (4, 8), (4, 9), (4, 10), (4, 11), (4, 12), (4, 13), (4, 14), (4, 15), (4, 16), (4, 17), (4, 18), (4, 19), (4, 20),
    (8, 6), (8, 7), (8, 8), (8, 9), (8, 10), (8, 11), (8, 12), (8, 13), (8, 14), (8, 15), (8, 16),
    (9, 7), (9, 8), (9, 9), (9, 10), (9, 11), (9, 12), (9, 13), (9, 14), (9, 15), (9, 16),
    (10, 6), (10, 8), (10, 9), (10, 10), (10, 11), (10, 12), (10, 13), (10, 14), (10, 15), (10, 16),
    (12, 6), (12, 7), (12, 8), (12, 9), (12, 10), (12, 11), (12, 12), (12, 13), (12, 14), (12, 15), (12, 16),
    (13, 6), (13, 7), (13, 8), (13, 9), (13, 10), (13, 11), (13, 12), (13, 13), (13, 14), (13, 15), (13, 16), (13, 17), (13, 18), (13, 19), (13, 20),
    (14, 25), (14, 26), (14, 27), (14, 28), (14, 29), (14, 30), (14, 31), (14, 32), (14, 33),
    (16, 6), (16, 7), (16, 8), (16, 9), (16, 10), (16, 11), (16, 12), (16, 13), (16, 14), (16, 15), (16, 16), (16, 17), (16, 18),
    (18, 6), (18, 7), (18, 8), (18, 9), (18, 10), (18, 11), (18, 12), (18, 13), (18, 14), (18, 15), (18, 16), (18, 17), (18, 18),
    (19, 6), (19, 7), (19, 8), (19, 9), (19, 10), (19, 11), (19, 12), (19, 13), (19, 14), (19, 15), (19, 16), (19, 17), (19, 18),
    (21, 6), (21, 7), (21, 8), (21, 9), (21, 10), (21, 11), (21, 12), (21, 13), (21, 14), (21, 15), (21, 16), (21, 17), (21, 18), (21, 19), (21, 20),
    (22, 7), (22, 8), (22, 9), (22, 10), (22, 11), (22, 12), (22, 13), (22, 14), (22, 15), (22, 16), (22, 17),
    (24, 6), (24, 7), (24, 8), (24, 9), (24, 10), (24, 11), (24, 12), (24, 13), (24, 14), (24, 15), (24, 16), (24, 17),
    (25, 3), (25, 4), (25, 5), (25, 6), (25, 7), (25, 8), (25, 9), (25, 10), (25, 11), (25, 12), (25, 13), (25, 14), (25, 15), (25, 16), (25, 17), (25, 18),
    (27, 6), (27, 7), (27, 8), (27, 9), (27, 10), (27, 11), (27, 12), (27, 13), (27, 14), (27, 15), (27, 16),
    (28, 6), (28, 7), (28, 8), (28, 9), (28, 10), (28, 11), (28, 12), (28, 13), (28, 14), (28, 15), (28, 16), (28, 17), (28, 18), (28, 19), (28, 20),
    (30, 8), (30, 9), (30, 10), (30, 11), (30, 12), (30, 13), (30, 14), (30, 15), (30, 16), (30, 17),
    (32, 6), (32, 7), (32, 8), (32, 9), (32, 10), (32, 11), (32, 12), (32, 13), (32, 14), (32, 15), (32, 16), (32, 17), (32, 18), (32, 19),
    (33, 6), (33, 7), (33, 8), (33, 9), (33, 10), (33, 11), (33, 12), (33, 13), (33, 14), (33, 15),
    (34, 8), (34, 9), (34, 10), (34, 11), (34, 12), (34, 13), (34, 14), (34, 15), (34, 16),
    (35, 8), (35, 9), (35, 10), (35, 11), (35, 12), (35, 13), (35, 14), (35, 15), (35, 16), (35, 17),
    (36, 6), (36, 7), (36, 8), (36, 9), (36, 10), (36, 11), (36, 12), (36, 13), (36, 14), (36, 15), (36, 16), (36, 17),
    (38, 6), (38, 7), (38, 8), (38, 9), (38, 10), (38, 11), (38, 12), (38, 13), (38, 14), (38, 15), (38, 16), (38, 17),
    (40, 9), (40, 10), (40, 11), (40, 12), (40, 13), (40, 14), (40, 15),
    (43, 6), (43, 7), (43, 8), (43, 9), (43, 10), (43, 11), (43, 12), (43, 13), (43, 14), (43, 15), (43, 16), (43, 17), (43, 18), (43, 19),
    (47, 6), (47, 7), (47, 8), (47, 9), (47, 10), (47, 11), (47, 12), (47, 13), (47, 14), (47, 15), (47, 16), (47, 17), (47, 18), (47, 19), (47, 20),
    (49, 26), (49, 28),
    (51, 6), (51, 7), (51, 8), (51, 9), (51, 10), (51, 11), (51, 12), (51, 13), (51, 14), (51, 15), (51, 16), (51, 17),
    (52, 28), (52, 33),
    (53, 6), (53, 7), (53, 8), (53, 9), (53, 10), (53, 11), (53, 12), (53, 13), (53, 14), (53, 15), (53, 16), (53, 17), (53, 18),
    (54, 23), (54, 24), (54, 25), (54, 26), (54, 27), (54, 28), (54, 29), (54, 30), (54, 31), (54, 32), (54, 33), (54, 34), (54, 35),
    (55, 6), (55, 7), (55, 8), (55, 9), (55, 10), (55, 11), (55, 12), (55, 13), (55, 14), (55, 15), (55, 16), (55, 17), (55, 18), (55, 19),
    (56, 7), (56, 8), (56, 9), (56, 10), (56, 11), (56, 12), (56, 13), (56, 14), (56, 15), (56, 16),
    (57, 6), (57, 7), (57, 8), (57, 9), (57, 10), (57, 11), (57, 12), (57, 13), (57, 14), (57, 15), (57, 16), (57, 17), (57, 18), (57, 19), (57, 20),
    (60, 6), (60, 7), (60, 8), (60, 9), (60, 10), (60, 11), (60, 12), (60, 13), (60, 14), (60, 15), (60, 16), (60, 17),
    (61, 6), (61, 7), (61, 8), (61, 9), (61, 10), (61, 11), (61, 12), (61, 13), (61, 14), (61, 15), (61, 16),
    (63, 6), (63, 7), (63, 8), (63, 9), (63, 10), (63, 11), (63, 12), (63, 13), (63, 14), (63, 15), (63, 16), (63, 17), (63, 18),
    (66, 2), (66, 3), (66, 4), (66, 5), (66, 6), (66, 7), (66, 8), (66, 9), (66, 10), (66, 11), (66, 12), (66, 13), (66, 14), (66, 15), (66, 16),
    (67, 6), (67, 7), (67, 8), (67, 9), (67, 10), (67, 11), (67, 12), (67, 13), (67, 14), (67, 15), (67, 16), (67, 17),
    (68, 6), (68, 7), (68, 8), (68, 9), (68, 10), (68, 11), (68, 12), (68, 13), (68, 14), (68, 15), (68, 16), (68, 17), (68, 18), (68, 19), (68, 20),
    (69, 6), (69, 7), (69, 8), (69, 9), (69, 10), (69, 11), (69, 12), (69, 13), (69, 14), (69, 15), (69, 16), (69, 17), (69, 18),
    (72, 7), (72, 8), (72, 9), (72, 10), (72, 11), (72, 12), (72, 13), (72, 14), (72, 15),
    (73, 8), (73, 9), (73, 10), (73, 11), (73, 12), (73, 13), (73, 14),
    (74, 28), (74, 29), (74, 30), (74, 31), (74, 32), (74, 33), (74, 34), (74, 35), (74, 36), (74, 37), (74, 38),
    (75, 8), (75, 9), (75, 10), (75, 11), (75, 12), (75, 13), (75, 14),
    (77, 23), (77, 24), (77, 25), (77, 26), (77, 27), (77, 28), (77, 29), (77, 30), (77, 31), (77, 32), (77, 33),
    (78, 6), (78, 7), (78, 8), (78, 9), (78, 10), (78, 11), (78, 12), (78, 13), (78, 14), (78, 15), (78, 16), (78, 17), (78, 18), (78, 19),
    (85, 8), (85, 9), (85, 10), (85, 11), (85, 12), (85, 13), (85, 14), (85, 15), (85, 16),
    (86, 28), (86, 29), (86, 30), (86, 31), (86, 32), (86, 33), (86, 34), (86, 35), (86, 36), (86, 37), (86, 38),
    (87, 28), (87, 29), (87, 30), (87, 31), (87, 32), (87, 33),
    (89, 6), (89, 7), (89, 8), (89, 9), (89, 10), (89, 11), (89, 12), (89, 13), (89, 14), (89, 15), (89, 16), (89, 17), (89, 18),
    (90, 6), (90, 7), (90, 8), (90, 9), (90, 10), (90, 11), (90, 12), (90, 13), (90, 14), (90, 15), (90, 16), (90, 17), (90, 18),
    (91, 6), (91, 7), (91, 8), (91, 9), (91, 10), (91, 11), (91, 12), (91, 13), (91, 14), (91, 15), (91, 16),
    (92, 6), (92, 7), (92, 8), (92, 9), (92, 10), (92, 11), (92, 12), (92, 13), (92, 14), (92, 15), (92, 17),
    (93, 23), (93, 24), (93, 25), (93, 26), (93, 27), (93, 28), (93, 29), (93, 30), (93, 31), (93, 32), (93, 33),
    (94, 28), (94, 29), (94, 30), (94, 31), (94, 32), (94, 33), (94, 38), (94, 39), (94, 40), (94, 41), (94, 42), (94, 43),
    (95, 8), (95, 9), (95, 10), (95, 11), (95, 12),
    (96, 6), (96, 7), (96, 8), (96, 9), (96, 10), (96, 11), (96, 12), (96, 13), (96, 14), (96, 15), (96, 16),
    (98, 28), (98, 29), (98, 30), (98, 31), (98, 32), (98, 33),
    (99, 6), (99, 7), (99, 8), (99, 9), (99, 10), (99, 11), (99, 12), (99, 13), (99, 14), (99, 15), (99, 16), (99, 17), (99, 18), (99, 19), (99, 20),
    (100, 28), (100, 29), (100, 30), (100, 31), (100, 32), (100, 33),
    (101, 6), (101, 7), (101, 8), (101, 9), (101, 10), (101, 11), (101, 12), (101, 13), (101, 14), (101, 15), (101, 16), (101, 17), (101, 18), (101, 19),
    (103, 28), (103, 29), (103, 30), (103, 31), (103, 32), (103, 33), (103, 34), (103, 35), (103, 36), (103, 37), (103, 38),
    (104, 26), (104, 28), (104, 30), (104, 31), (104, 33), (104, 38),
    (105, 23), (105, 24), (105, 25), (105, 26), (105, 27), (105, 28), (105, 29), (105, 30),
    (106, 8), (106, 9), (106, 10), (106, 11), (106, 12), (106, 13), (106, 14), (106, 15), (106, 16), (106, 17),
    (107, 6), (107, 7), (107, 8), (107, 9), (107, 10), (107, 11), (107, 12), (107, 13), (107, 14), (107, 15), (107, 16),
    (109, 7), (109, 8), (109, 9), (109, 10), (109, 11), (109, 12), (109, 13), (109, 14), (109, 15), (109, 16), (109, 17),
    (111, 6), (111, 7), (111, 8), (111, 9), (111, 10), (111, 11), (111, 12), (111, 13), (111, 14), (111, 15), (111, 16), (111, 17), (111, 18), (111, 19), (111, 20),
    (114, 7), (114, 8), (114, 9), (114, 10), (114, 11), (114, 12), (114, 13), (114, 14), (114, 15), (114, 16), (114, 17), (114, 18),
    (115, 6), (115, 7), (115, 8), (115, 9), (115, 10), (115, 11), (115, 12), (115, 13), (115, 14), (115, 15), (115, 16),
    (116, 11), (116, 13), (116, 15), (116, 17),
    (118, 8), (118, 9), (118, 10), (118, 11), (118, 12), (118, 13), (118, 14), (118, 15), (118, 16),
    (119, 9), (119, 10), (119, 14),
    (120, 6), (120, 7), (120, 8), (120, 9), (120, 10), (120, 11), (120, 12), (120, 13), (120, 14), (120, 15), (120, 16), (120, 17), (120, 18),
    (121, 7), (121, 8), (121, 9), (121, 10), (121, 11), (121, 12), (121, 13), (121, 14), (121, 15), (121, 16), (121, 17), (121, 18),
    (122, 7), (122, 8), (122, 9), (122, 10), (122, 11), (122, 12), (122, 13), (122, 14), (122, 15), (122, 16),
    (124, 12), (124, 13), (124, 14), (124, 15), (124, 16), (124, 17), (124, 18), (124, 19), (124, 20), (124, 21),
    (126, 6), (126, 7), (126, 8), (126, 9), (126, 10), (126, 11), (126, 12), (126, 13), (126, 14), (126, 15), (126, 16), (126, 17), (126, 18), (126, 19), (126, 20),
    (127, 6), (127, 7), (127, 8), (127, 9), (127, 10), (127, 11), (127, 12), (127, 13), (127, 14), (127, 15), (127, 16), (127, 17),
    (128, 28), (128, 29), (128, 30), (128, 31), (128, 32), (128, 33), (128, 34), (128, 35), (128, 36), (128, 37), (128, 38),
    (129, 6), (129, 7), (129, 8), (129, 9), (129, 10), (129, 11), (129, 12), (129, 13), (129, 14),
    (131, 6), (131, 7), (131, 8), (131, 9), (131, 10), (131, 11), (131, 12), (131, 13), (131, 14), (131, 15), (131, 16), (131, 17), (131, 18), (131, 19),
    (134, 7), (134, 8), (134, 9), (134, 10), (134, 11), (134, 12), (134, 13), (134, 14), (134, 15), (134, 16),
    (136, 6), (136, 7), (136, 8), (136, 9), (136, 10), (136, 11), (136, 12), (136, 13), (136, 14), (136, 15), (136, 16), (136, 17),
    (140, 6), (140, 7), (140, 8), (140, 9), (140, 10), (140, 11), (140, 12), (140, 13), (140, 14), (140, 15), (140, 16), (140, 17),
    (142, 6), (142, 7), (142, 8), (142, 9), (142, 10), (142, 11), (142, 12), (142, 13), (142, 14), (142, 15), (142, 16), (142, 17), (142, 18),
    (147, 6), (147, 7), (147, 8), (147, 9), (147, 10), (147, 11), (147, 12), (147, 13), (147, 14), (147, 15), (147, 16), (147, 17), (147, 18), (147, 19), (147, 20),
    (148, 6), (148, 8), (148, 9), (148, 10), (148, 11), (148, 12), (148, 13), (148, 14), (148, 15),
    (149, 1), (149, 2), (149, 3), (149, 4), (149, 5), (149, 6), (149, 7), (149, 8), (149, 9), (149, 10), (149, 11), (149, 12), (149, 13), (149, 14),
    (150, 8), (150, 9), (150, 10), (150, 11), (150, 12), (150, 13), (150, 14), (150, 15), (150, 16),
    (152, 7), (152, 8), (152, 9), (152, 10), (152, 11), (152, 12), (152, 13), (152, 14), (152, 15), (152, 16), (152, 17), (152, 18),
    (154, 6), (154, 7), (154, 8), (154, 9), (154, 10), (154, 11), (154, 12), (154, 13), (154, 14), (154, 15), (154, 16), (154, 17), (154, 18), (154, 19), (154, 20),
    (155, 7), (155, 8), (155, 9), (155, 10), (155, 11), (155, 12), (155, 13), (155, 14), (155, 15), (155, 16), (155, 17), (155, 18), (155, 19),
    (156, 7), (156, 8), (156, 9), (156, 10), (156, 11), (156, 12), (156, 13), (156, 14), (156, 15),
    (163, 7), (163, 8), (163, 9), (163, 10), (163, 11), (163, 12), (163, 13), (163, 14), (163, 15), (163, 16),
    (167, 7), (167, 8), (167, 9), (167, 10), (167, 11), (167, 12), (167, 13), (167, 14), (167, 15),
    (168, 7), (168, 8), (168, 9), (168, 10), (168, 11), (168, 12), (168, 13),
    (170, 6), (170, 7), (170, 8), (170, 9), (170, 10), (170, 11), (170, 12), (170, 13), (170, 14), (170, 15), (170, 16), (170, 17), (170, 18),
    (171, 9), (171, 10), (171, 11), (171, 12), (171, 13), (171, 14),
    (172, 23), (172, 24), (172, 25), (172, 26), (172, 27), (172, 28), (172, 29), (172, 30), (172, 31), (172, 32), (172, 33),
    (175, 12), (175, 13), (175, 14), (175, 15), (175, 16), (175, 17), (175, 18), (175, 19), (175, 20), (175, 21), (175, 22),
    (177, 7), (177, 8), (177, 9), (177, 10), (177, 11), (177, 12), (177, 13), (177, 14), (177, 15), (177, 16),
    (179, 6), (179, 7), (179, 8), (179, 9), (179, 10), (179, 11), (179, 12), (179, 13), (179, 14), (179, 15), (179, 16), (179, 17), (179, 18), (179, 19), (179, 20),
    (180, 28), (180, 29), (180, 30), (180, 31), (180, 32), (180, 33),
    (181, 6), (181, 7), (181, 8), (181, 9), (181, 10), (181, 11), (181, 12), (181, 13), (181, 14), (181, 15), (181, 16), (181, 17),
    (182, 7), (182, 8), (182, 9), (182, 10), (182, 11), (182, 12), (182, 13), (182, 14), (182, 15),
    (183, 6), (183, 7), (183, 8), (183, 9), (183, 10), (183, 11), (183, 12), (183, 13), (183, 14), (183, 15), (183, 16), (183, 17),
    (185, 9), (185, 10), (185, 11), (185, 12), (185, 13), (185, 14), (185, 15), (185, 16), (185, 17), (185, 18),
    (188, 6), (188, 7), (188, 8), (188, 9), (188, 10), (188, 11), (188, 12), (188, 13), (188, 14), (188, 15), (188, 16), (188, 17), (188, 18), (188, 19), (188, 20),
    (189, 7), (189, 8), (189, 9), (189, 10), (189, 11), (189, 12), (189, 13), (189, 14), (189, 15), (189, 16), (189, 17), (189, 18),
    (191, 6), (191, 7), (191, 8), (191, 9), (191, 10), (191, 11), (191, 12), (191, 13), (191, 14), (191, 15), (191, 16), (191, 17), (191, 18),
    (193, 10), (193, 11), (193, 12), (193, 13), (193, 14),
    (195, 6), (195, 7), (195, 8), (195, 9), (195, 10), (195, 11), (195, 12), (195, 13), (195, 14), (195, 15), (195, 16), (195, 17),
    (197, 28), (197, 33), (197, 38), (197, 43);